date,state,district,mandi,crop,arrivals,min_price_rs_per_quintal,max_price_rs_per_quintal,modal_price_rs_per_quintal
2014-10-01,Maharashtra,Ahmadnagar,Ahmednagar,onion,10903,100,2350,1225
2014-11-01,Maharashtra,Ahmadnagar,Ahmednagar,onion,205959,145,2189,1180
2015-04-01,Maharashtra,Ahmadnagar,Ahmednagar,onion,186700,114,1459,797
2015-06-01,Maharashtra,Ahmadnagar,Ahmednagar,onion,163046,367,2461,1414
2015-07-01,Maharashtra,Ahmadnagar,Ahmednagar,onion,81241,500,2707,1604
2015-08-01,Maharashtra,Ahmadnagar,Ahmednagar,onion,23523,1955,6680,4635
2015-09-01,Maharashtra,Ahmadnagar,Ahmednagar,onion,8763,1450,5825,4513
2015-10-01,Maharashtra,Ahmadnagar,Ahmednagar,onion,146708,700,4246,3145
2015-11-01,Maharashtra,Ahmadnagar,Ahmednagar,onion,266985,340,3390,2200
2015-12-01,Maharashtra,Ahmadnagar,Ahmednagar,onion,332038,130,2218,1390
2016-01-01,Maharashtra,Ahmadnagar,Ahmednagar,onion,208751,200,1947,1313
2016-02-01,Maharashtra,Ahmadnagar,Ahmednagar,onion,67863,100,1425,867
2016-03-01,Maharashtra,Ahmadnagar,Ahmednagar,onion,26389,100,1000,700
2016-04-01,Maharashtra,Ahmadnagar,Ahmednagar,onion,42342,100,938,538
2016-05-01,Maharashtra,Ahmadnagar,Ahmednagar,onion,130428,100,1020,595
2016-06-01,Maharashtra,Ahmadnagar,Ahmednagar,onion,158164,100,1354,750
2016-07-01,Maharashtra,Ahmadnagar,Ahmednagar,onion,131077,100,1136,736
2016-08-01,Maharashtra,Ahmadnagar,Ahmednagar,onion,243484,100,1103,804
2016-09-01,Maharashtra,Ahmadnagar,Ahmednagar,onion,195319,110,985,738
2016-10-01,Maharashtra,Ahmadnagar,Ahmednagar,onion,149993,90,1013,735
2016-11-01,Maharashtra,Ahmadnagar,Ahmednagar,onion,166201,190,1476,1060
2014-09-01,Maharashtra,Ahmadnagar,Kopargaon,onion,30391,383,1979,1425
2014-10-01,Maharashtra,Ahmadnagar,Kopargaon,onion,19535,600,2184,1542
2014-11-01,Maharashtra,Ahmadnagar,Kopargaon,onion,5964,261,1582,1084
2014-12-01,Maharashtra,Ahmadnagar,Kopargaon,onion,854,368,1401,1056
2015-01-01,Maharashtra,Ahmadnagar,Kopargaon,onion,5264,303,1518,1178
2015-02-01,Maharashtra,Ahmadnagar,Kopargaon,onion,7231,471,1872,1644
2015-03-01,Maharashtra,Ahmadnagar,Kopargaon,onion,35155,338,1438,1138
2015-04-01,Maharashtra,Ahmadnagar,Kopargaon,onion,34179,395,1350,988
2015-05-01,Maharashtra,Ahmadnagar,Kopargaon,onion,38424,350,1784,1244
2015-06-01,Maharashtra,Ahmadnagar,Kopargaon,onion,46001,472,2203,1723
2015-07-01,Maharashtra,Ahmadnagar,Kopargaon,onion,32815,711,2758,2164
2015-08-01,Maharashtra,Ahmadnagar,Kopargaon,onion,9745,1588,5025,4306
2015-09-01,Maharashtra,Ahmadnagar,Kopargaon,onion,1517,1531,4638,3994
2015-10-01,Maharashtra,Ahmadnagar,Kopargaon,onion,172,706,3275,2840
2015-11-01,Maharashtra,Ahmadnagar,Kopargaon,onion,731,625,2325,2033
2015-12-01,Maharashtra,Ahmadnagar,Kopargaon,onion,12729,466,1588,1388
2016-01-01,Maharashtra,Ahmadnagar,Kopargaon,onion,30447,428,1535,1231
2016-02-01,Maharashtra,Ahmadnagar,Kopargaon,onion,22019,383,1075,856
2016-03-01,Maharashtra,Ahmadnagar,Kopargaon,onion,13714,328,891,726
2016-04-01,Maharashtra,Ahmadnagar,Kopargaon,onion,18750,250,845,701
2016-05-01,Maharashtra,Ahmadnagar,Kopargaon,onion,19073,240,923,746
2016-06-01,Maharashtra,Ahmadnagar,Kopargaon,onion,43625,338,1131,912
2016-07-01,Maharashtra,Ahmadnagar,Kopargaon,onion,57057,278,994,798
2016-08-01,Maharashtra,Ahmadnagar,Kopargaon,onion,80357,225,912,722
2016-09-01,Maharashtra,Ahmadnagar,Kopargaon,onion,56036,108,703,551
2016-10-01,Maharashtra,Ahmadnagar,Kopargaon,onion,40413,145,943,662
2016-11-01,Maharashtra,Ahmadnagar,Kopargaon,onion,24954,161,1085,790
2014-09-01,Maharashtra,Nasik,Lasalgaon,onion,305620,323,1943,1360
2014-10-01,Maharashtra,Nasik,Lasalgaon,onion,148100,521,1800,1440
2014-11-01,Maharashtra,Nasik,Lasalgaon,onion,67560,809,1618,1422
2014-12-01,Maharashtra,Nasik,Lasalgaon,onion,285055,940,1651,1464
2015-01-01,Maharashtra,Nasik,Lasalgaon,onion,476813,663,1687,1416
2015-02-01,Maharashtra,Nasik,Lasalgaon,onion,442145,741,1582,1402
2015-03-01,Maharashtra,Nasik,Lasalgaon,onion,315670,559,1406,1165
2015-04-01,Maharashtra,Nasik,Lasalgaon,onion,314280,442,1301,1020
2015-05-01,Maharashtra,Nasik,Lasalgaon,onion,296623,600,1688,1196
2015-06-01,Maharashtra,Nasik,Lasalgaon,onion,248005,709,1980,1558
2015-07-01,Maharashtra,Nasik,Lasalgaon,onion,145858,1209,2391,2118
2015-08-01,Maharashtra,Nasik,Lasalgaon,onion,50968,2342,4616,4124
2015-09-01,Maharashtra,Nasik,Lasalgaon,onion,31390,2535,4492,4099
2015-10-01,Maharashtra,Nasik,Lasalgaon,onion,30083,1789,3383,3041
2015-11-01,Maharashtra,Nasik,Lasalgaon,onion,189220,1950,3316,2701
2015-12-01,Maharashtra,Nasik,Lasalgaon,onion,393152,919,1693,1275
2016-01-01,Maharashtra,Nasik,Lasalgaon,onion,482987,711,1470,1156
2016-02-01,Maharashtra,Nasik,Lasalgaon,onion,381573,483,1041,795
2016-03-01,Maharashtra,Nasik,Lasalgaon,onion,216522,436,834,729
2016-04-01,Maharashtra,Nasik,Lasalgaon,onion,218985,360,865,748
2016-05-01,Maharashtra,Nasik,Lasalgaon,onion,295315,340,929,770
2016-06-01,Maharashtra,Nasik,Lasalgaon,onion,261942,343,966,849
2016-07-01,Maharashtra,Nasik,Lasalgaon,onion,56547,393,943,829
2016-08-01,Maharashtra,Nasik,Lasalgaon,onion,197382,274,877,720
2016-09-01,Maharashtra,Nasik,Lasalgaon,onion,141645,115,648,440
2016-10-01,Maharashtra,Nasik,Lasalgaon,onion,197265,239,774,567
2016-11-01,Maharashtra,Nasik,Lasalgaon,onion,132510,458,1206,928
2014-09-01,Maharashtra,Nasik,Malegaon,onion,98246,389,1364,1106
2014-10-01,Maharashtra,Nasik,Malegaon,onion,48602,593,1628,1289
2014-11-01,Maharashtra,Nasik,Malegaon,onion,53894,715,1545,1347
2014-12-01,Maharashtra,Nasik,Malegaon,onion,110184,598,1554,1335
2015-01-01,Maharashtra,Nasik,Malegaon,onion,113342,507,1316,1073
2015-02-01,Maharashtra,Nasik,Malegaon,onion,131166,597,1495,1241
2015-03-01,Maharashtra,Nasik,Malegaon,onion,70098,529,1270,1077
2015-04-01,Maharashtra,Nasik,Malegaon,onion,114419,471,1142,940
2015-05-01,Maharashtra,Nasik,Malegaon,onion,27116,363,1439,1086
2015-06-01,Maharashtra,Nasik,Malegaon,onion,80965,509,1798,1487
2015-07-01,Maharashtra,Nasik,Malegaon,onion,66576,824,2444,2149
2015-08-01,Maharashtra,Nasik,Malegaon,onion,28389,1513,4641,3991
2015-09-01,Maharashtra,Nasik,Malegaon,onion,19285,1266,4328,3694
2015-10-01,Maharashtra,Nasik,Malegaon,onion,65211,598,3348,2726
2015-11-01,Maharashtra,Nasik,Malegaon,onion,148127,553,2487,1782
2015-12-01,Maharashtra,Nasik,Malegaon,onion,192125,413,1588,1096
2016-01-01,Maharashtra,Nasik,Malegaon,onion,229547,325,1338,949
2016-02-01,Maharashtra,Nasik,Malegaon,onion,176150,231,955,667
2016-03-01,Maharashtra,Nasik,Malegaon,onion,72985,219,818,674
2016-04-01,Maharashtra,Nasik,Malegaon,onion,95124,224,818,623
2016-05-01,Maharashtra,Nasik,Malegaon,onion,93839,204,802,567
2016-06-01,Maharashtra,Nasik,Malegaon,onion,84196,221,910,644
2016-07-01,Maharashtra,Nasik,Malegaon,onion,12618,284,821,659
2016-08-01,Maharashtra,Nasik,Malegaon,onion,79436,231,736,596
2016-09-01,Maharashtra,Nasik,Malegaon,onion,65600,148,538,360
2016-10-01,Maharashtra,Nasik,Malegaon,onion,41000,155,694,515
2016-11-01,Maharashtra,Nasik,Malegaon,onion,57922,407,1518,1050
2014-09-01,Maharashtra,Nasik,Manmad,onion,114337,356,1708,1351
2014-10-01,Maharashtra,Nasik,Manmad,onion,46482,512,1768,1414
2014-11-01,Maharashtra,Nasik,Manmad,onion,46107,733,1633,1439
2014-12-01,Maharashtra,Nasik,Manmad,onion,204871,697,1645,1451
2015-01-01,Maharashtra,Nasik,Manmad,onion,264252,446,1403,1228
2015-02-01,Maharashtra,Nasik,Manmad,onion,231359,422,1500,1369
2015-03-01,Maharashtra,Nasik,Manmad,onion,189910,517,1329,1158
2015-04-01,Maharashtra,Nasik,Manmad,onion,135032,356,1250,1038
2015-05-01,Maharashtra,Nasik,Manmad,onion,101652,459,1576,1167
2015-06-01,Maharashtra,Nasik,Manmad,onion,94255,600,1887,1415
2015-07-01,Maharashtra,Nasik,Manmad,onion,50382,923,2396,2113
2015-08-01,Maharashtra,Nasik,Manmad,onion,22080,1964,4678,4194
2015-09-01,Maharashtra,Nasik,Manmad,onion,7913,1945,4457,3919
2015-10-01,Maharashtra,Nasik,Manmad,onion,25563,1338,3142,2700
2015-11-01,Maharashtra,Nasik,Manmad,onion,119684,901,2374,1823
2015-12-01,Maharashtra,Nasik,Manmad,onion,255719,619,1491,1188
2016-01-01,Maharashtra,Nasik,Manmad,onion,263105,584,1355,1104
2016-02-01,Maharashtra,Nasik,Manmad,onion,217657,406,923,716
2016-03-01,Maharashtra,Nasik,Manmad,onion,118702,382,796,674
2016-04-01,Maharashtra,Nasik,Manmad,onion,118344,339,865,729
2016-05-01,Maharashtra,Nasik,Manmad,onion,126271,300,866,697
2016-06-01,Maharashtra,Nasik,Manmad,onion,99639,311,942,731
2016-07-01,Maharashtra,Nasik,Manmad,onion,17541,378,895,726
2016-08-01,Maharashtra,Nasik,Manmad,onion,70059,294,815,657
2016-09-01,Maharashtra,Nasik,Manmad,onion,74400,149,552,349
2016-10-01,Maharashtra,Nasik,Manmad,onion,57077,202,722,546
2016-11-01,Maharashtra,Nasik,Manmad,onion,54095,329,1054,776
2014-09-01,Maharashtra,Nasik,Nandgaon,onion,50490,525,1787,1338
2014-10-01,Maharashtra,Nasik,Nandgaon,onion,5440,778,1755,1521
2014-11-01,Maharashtra,Nasik,Nandgaon,onion,5533,698,1608,1413
2014-12-01,Maharashtra,Nasik,Nandgaon,onion,65040,690,1618,1396
2015-09-01,Maharashtra,Nasik,Nandgaon,onion,8982,1440,4415,3942
2015-10-01,Maharashtra,Nasik,Nandgaon,onion,16163,990,2974,2564
2015-11-01,Maharashtra,Nasik,Nandgaon,onion,58484,705,2091,1684
2015-12-01,Maharashtra,Nasik,Nandgaon,onion,142215,530,1485,1164
2016-01-01,Maharashtra,Nasik,Nandgaon,onion,184320,493,1388,1026
2016-02-01,Maharashtra,Nasik,Nandgaon,onion,186008,323,986,715
2016-03-01,Maharashtra,Nasik,Nandgaon,onion,54487,308,816,680
2016-05-01,Maharashtra,Nasik,Nandgaon,onion,58340,164,823,640
2016-06-01,Maharashtra,Nasik,Nandgaon,onion,35936,220,886,682
2016-07-01,Maharashtra,Nasik,Nandgaon,onion,6110,372,822,708
2016-08-01,Maharashtra,Nasik,Nandgaon,onion,17198,231,736,584
2016-09-01,Maharashtra,Nasik,Nandgaon,onion,25760,109,548,372
2016-10-01,Maharashtra,Nasik,Nandgaon,onion,28379,170,750,541
2014-09-01,Maharashtra,Nasik,Nashik,onion,22666,238,1716,1381
2014-11-01,Maharashtra,Nasik,Nashik,onion,14315,346,1838,1563
2014-12-01,Maharashtra,Nasik,Nashik,onion,20888,323,1798,1569
2015-01-01,Maharashtra,Nasik,Nashik,onion,18357,183,1558,1275
2015-02-01,Maharashtra,Nasik,Nashik,onion,10673,540,1790,1540
2015-03-01,Maharashtra,Nasik,Nashik,onion,3261,525,1550,1300
2015-04-01,Maharashtra,Nasik,Nashik,onion,2927,200,1200,900
2015-11-01,Maharashtra,Nasik,Nashik,onion,16883,811,2578,1856
2015-12-01,Maharashtra,Nasik,Nashik,onion,68707,768,1551,1150
2016-01-01,Maharashtra,Nasik,Nashik,onion,73380,372,1476,1160
2016-02-01,Maharashtra,Nasik,Nashik,onion,55352,187,1065,705
2016-03-01,Maharashtra,Nasik,Nashik,onion,46722,153,891,571
2016-04-01,Maharashtra,Nasik,Nashik,onion,55538,169,857,617
2016-05-01,Maharashtra,Nasik,Nashik,onion,83236,163,808,509
2016-06-01,Maharashtra,Nasik,Nashik,onion,73925,210,945,533
2016-07-01,Maharashtra,Nasik,Nashik,onion,89795,181,877,491
2016-08-01,Maharashtra,Nasik,Nashik,onion,87529,170,793,504
2016-09-01,Maharashtra,Nasik,Nashik,onion,36803,149,617,436
2016-10-01,Maharashtra,Nasik,Nashik,onion,50372,159,747,479
2016-11-01,Maharashtra,Nasik,Nashik,onion,26768,199,1026,513
2014-09-01,Maharashtra,Ahmadnagar,Rahata,onion,73883,440,2070,1405
2014-10-01,Maharashtra,Ahmadnagar,Rahata,onion,24246,445,2163,1338
2014-11-01,Maharashtra,Ahmadnagar,Rahata,onion,18823,490,2100,1440
2014-12-01,Maharashtra,Ahmadnagar,Rahata,onion,24029,429,1871,1321
2015-01-01,Maharashtra,Ahmadnagar,Rahata,onion,59184,315,1685,1180
2015-02-01,Maharashtra,Ahmadnagar,Rahata,onion,69717,450,1923,1409
2015-03-01,Maharashtra,Ahmadnagar,Rahata,onion,89439,375,1529,1056
2015-04-01,Maharashtra,Ahmadnagar,Rahata,onion,107650,222,1467,906
2015-05-01,Maharashtra,Ahmadnagar,Rahata,onion,100414,355,1991,1277
2015-06-01,Maharashtra,Ahmadnagar,Rahata,onion,123380,536,2515,1700
2015-07-01,Maharashtra,Ahmadnagar,Rahata,onion,72618,831,2869,2050
2015-08-01,Maharashtra,Ahmadnagar,Rahata,onion,31658,1600,5192,3900
2015-09-01,Maharashtra,Ahmadnagar,Rahata,onion,8124,1718,5218,3955
2015-10-01,Maharashtra,Ahmadnagar,Rahata,onion,3146,700,3413,2263
2015-11-01,Maharashtra,Ahmadnagar,Rahata,onion,22562,636,2968,1682
2015-12-01,Maharashtra,Ahmadnagar,Rahata,onion,89151,442,2173,1342
2016-01-01,Maharashtra,Ahmadnagar,Rahata,onion,149286,427,1986,1223
2016-02-01,Maharashtra,Ahmadnagar,Rahata,onion,97034,208,1292,875
2016-03-01,Maharashtra,Ahmadnagar,Rahata,onion,46020,154,919,631
2016-04-01,Maharashtra,Ahmadnagar,Rahata,onion,64671,100,925,619
2016-05-01,Maharashtra,Ahmadnagar,Rahata,onion,79432,133,1015,679
2016-06-01,Maharashtra,Ahmadnagar,Rahata,onion,113828,200,1329,779
2016-07-01,Maharashtra,Ahmadnagar,Rahata,onion,179784,200,1167,760
2016-08-01,Maharashtra,Ahmadnagar,Rahata,onion,189428,189,982,621
2016-09-01,Maharashtra,Ahmadnagar,Rahata,onion,66737,133,917,517
2016-10-01,Maharashtra,Ahmadnagar,Rahata,onion,44007,100,1040,610
2016-11-01,Maharashtra,Ahmadnagar,Rahata,onion,44746,163,1263,656
2014-09-01,Maharashtra,Ahmadnagar,Rahuri,onion,180291,169,2085,1148
2014-10-01,Maharashtra,Ahmadnagar,Rahuri,onion,85315,167,2189,1156
2014-11-01,Maharashtra,Ahmadnagar,Rahuri,onion,71091,167,1992,1083
2014-12-01,Maharashtra,Ahmadnagar,Rahuri,onion,55585,136,2014,1079
2015-01-01,Maharashtra,Ahmadnagar,Rahuri,onion,77845,114,1657,882
2015-02-01,Maharashtra,Ahmadnagar,Rahuri,onion,50398,109,1864,995
2015-03-01,Maharashtra,Ahmadnagar,Rahuri,onion,100820,173,1445,805
2015-04-01,Maharashtra,Ahmadnagar,Rahuri,onion,123030,100,1389,739
2015-05-01,Maharashtra,Ahmadnagar,Rahuri,onion,152712,123,1738,908
2015-06-01,Maharashtra,Ahmadnagar,Rahuri,onion,132035,206,2283,1213
2015-07-01,Maharashtra,Ahmadnagar,Rahuri,onion,118402,215,2804,1466
2015-08-01,Maharashtra,Ahmadnagar,Rahuri,onion,50728,738,4405,2405
2015-11-01,Maharashtra,Ahmadnagar,Rahuri,onion,4270,200,2500,1410
2015-12-01,Maharashtra,Ahmadnagar,Rahuri,onion,117887,192,1890,1123
2016-01-01,Maharashtra,Ahmadnagar,Rahuri,onion,128044,200,1758,1037
2016-02-01,Maharashtra,Ahmadnagar,Rahuri,onion,46740,200,1365,801
2016-03-01,Maharashtra,Ahmadnagar,Rahuri,onion,54528,100,919,519
2016-05-01,Maharashtra,Ahmadnagar,Rahuri,onion,178293,223,963,627
2016-06-01,Maharashtra,Ahmadnagar,Rahuri,onion,171366,327,1136,855
2016-07-01,Maharashtra,Ahmadnagar,Rahuri,onion,163461,300,1011,742
2016-08-01,Maharashtra,Ahmadnagar,Rahuri,onion,231001,264,973,686
2016-09-01,Maharashtra,Ahmadnagar,Rahuri,onion,87524,200,927,603
2016-11-01,Maharashtra,Ahmadnagar,Rahuri,onion,104720,331,1181,788
2014-09-01,Maharashtra,Ahmadnagar,Sangamner,onion,31910,500,2239,1370
2014-10-01,Maharashtra,Ahmadnagar,Sangamner,onion,14694,500,2247,1371
2014-11-01,Maharashtra,Ahmadnagar,Sangamner,onion,57264,500,2157,1333
2014-12-01,Maharashtra,Ahmadnagar,Sangamner,onion,99039,500,2282,1391
2015-01-01,Maharashtra,Ahmadnagar,Sangamner,onion,182627,500,1844,1914
2015-02-01,Maharashtra,Ahmadnagar,Sangamner,onion,68238,500,2062,1281
2015-03-01,Maharashtra,Ahmadnagar,Sangamner,onion,265444,428,1588,1007
2015-04-01,Maharashtra,Ahmadnagar,Sangamner,onion,288591,362,1470,908
2015-05-01,Maharashtra,Ahmadnagar,Sangamner,onion,211444,500,2004,1241
2015-06-01,Maharashtra,Ahmadnagar,Sangamner,onion,102988,500,2397,1453
2015-07-01,Maharashtra,Ahmadnagar,Sangamner,onion,43228,625,2888,1752
2015-08-01,Maharashtra,Ahmadnagar,Sangamner,onion,13413,1708,5265,3487
2015-09-01,Maharashtra,Ahmadnagar,Sangamner,onion,4049,1571,4844,3195
2015-10-01,Maharashtra,Ahmadnagar,Sangamner,onion,44769,1179,4149,3133
2015-11-01,Maharashtra,Ahmadnagar,Sangamner,onion,132033,800,3631,2720
2015-12-01,Maharashtra,Ahmadnagar,Sangamner,onion,142336,500,2216,1561
2016-01-01,Maharashtra,Ahmadnagar,Sangamner,onion,117471,500,1853,1312
2016-02-01,Maharashtra,Ahmadnagar,Sangamner,onion,133913,425,1276,1028
2016-03-01,Maharashtra,Ahmadnagar,Sangamner,onion,171848,308,991,749
2016-04-01,Maharashtra,Ahmadnagar,Sangamner,onion,195815,300,1017,757
2016-05-01,Maharashtra,Ahmadnagar,Sangamner,onion,154009,300,1025,725
2016-06-01,Maharashtra,Ahmadnagar,Sangamner,onion,114879,304,1296,870
2016-07-01,Maharashtra,Ahmadnagar,Sangamner,onion,80354,300,1194,817
2016-08-01,Maharashtra,Ahmadnagar,Sangamner,onion,99174,300,1117,753
2016-09-01,Maharashtra,Ahmadnagar,Sangamner,onion,53524,257,933,653
2016-10-01,Maharashtra,Ahmadnagar,Sangamner,onion,46458,267,984,714
2016-11-01,Maharashtra,Ahmadnagar,Sangamner,onion,101385,373,1597,1041
2014-09-01,Maharashtra,Nasik,Satana,onion,35220,995,1873,1495
2014-10-01,Maharashtra,Nasik,Satana,onion,42565,800,1926,1400
2014-11-01,Maharashtra,Nasik,Satana,onion,12321,888,1969,1388
2014-12-01,Maharashtra,Nasik,Satana,onion,12182,788,1863,1350
2015-02-01,Maharashtra,Nasik,Satana,onion,15935,810,1554,1140
2015-03-01,Maharashtra,Nasik,Satana,onion,27975,805,1405,1020
2015-06-01,Maharashtra,Nasik,Satana,onion,118154,830,2073,1479
2015-07-01,Maharashtra,Nasik,Satana,onion,155901,1068,2510,1984
2015-08-01,Maharashtra,Nasik,Satana,onion,83998,2169,4625,3869
2015-09-01,Maharashtra,Nasik,Satana,onion,67407,2347,4931,4318
2015-10-01,Maharashtra,Nasik,Satana,onion,60950,1690,3737,2954
2015-11-01,Maharashtra,Nasik,Satana,onion,64293,974,3158,2327
2015-12-01,Maharashtra,Nasik,Satana,onion,138236,382,1670,1145
2016-01-01,Maharashtra,Nasik,Satana,onion,143392,430,1360,977
2016-02-01,Maharashtra,Nasik,Satana,onion,171704,248,1053,767
2016-03-01,Maharashtra,Nasik,Satana,onion,78242,268,813,650
2016-04-01,Maharashtra,Nasik,Satana,onion,104036,426,816,685
2016-05-01,Maharashtra,Nasik,Satana,onion,114145,273,845,693
2016-06-01,Maharashtra,Nasik,Satana,onion,141692,284,972,778
2016-07-01,Maharashtra,Nasik,Satana,onion,25362,275,1001,801
2016-08-01,Maharashtra,Nasik,Satana,onion,98063,225,808,640
2016-09-01,Maharashtra,Nasik,Satana,onion,159714,178,605,449
2016-10-01,Maharashtra,Nasik,Satana,onion,150594,193,885,638
2016-11-01,Maharashtra,Nasik,Satana,onion,98580,250,1131,843
2014-09-01,Maharashtra,Ahmadnagar,Shrirampur,onion,110326,258,2000,1496
2014-10-01,Maharashtra,Ahmadnagar,Shrirampur,onion,49622,259,2000,1495
2014-11-01,Maharashtra,Ahmadnagar,Shrirampur,onion,20245,282,1782,1414
2014-12-01,Maharashtra,Ahmadnagar,Shrirampur,onion,3222,271,1761,1364
2015-01-01,Maharashtra,Ahmadnagar,Shrirampur,onion,12291,209,1534,1164
2015-02-01,Maharashtra,Ahmadnagar,Shrirampur,onion,8630,260,1805,1390
2015-03-01,Maharashtra,Ahmadnagar,Shrirampur,onion,50967,262,1446,1096
2015-04-01,Maharashtra,Ahmadnagar,Shrirampur,onion,104438,200,1395,1032
2015-05-01,Maharashtra,Ahmadnagar,Shrirampur,onion,102657,192,1735,1208
2015-06-01,Maharashtra,Ahmadnagar,Shrirampur,onion,122852,309,2223,1577
2015-07-01,Maharashtra,Ahmadnagar,Shrirampur,onion,72862,633,2831,2006
2015-08-01,Maharashtra,Ahmadnagar,Shrirampur,onion,55705,1675,5300,4088
2015-09-01,Maharashtra,Ahmadnagar,Shrirampur,onion,16129,1656,4888,3975
2015-10-01,Maharashtra,Ahmadnagar,Shrirampur,onion,3545,1114,4171,3286
2015-11-01,Maharashtra,Ahmadnagar,Shrirampur,onion,5468,713,3106,2238
2015-12-01,Maharashtra,Ahmadnagar,Shrirampur,onion,20112,369,1900,1344
2016-01-01,Maharashtra,Ahmadnagar,Shrirampur,onion,27479,263,1751,1313
2016-02-01,Maharashtra,Ahmadnagar,Shrirampur,onion,47803,178,1208,861
2016-03-01,Maharashtra,Ahmadnagar,Shrirampur,onion,45044,161,961,628
2016-04-01,Maharashtra,Ahmadnagar,Shrirampur,onion,90310,100,944,625
2016-05-01,Maharashtra,Ahmadnagar,Shrirampur,onion,120316,118,948,659
2016-06-01,Maharashtra,Ahmadnagar,Shrirampur,onion,213787,188,1119,773
2016-07-01,Maharashtra,Ahmadnagar,Shrirampur,onion,179762,240,1048,765
2016-08-01,Maharashtra,Ahmadnagar,Shrirampur,onion,206866,192,942,679
2016-09-01,Maharashtra,Ahmadnagar,Shrirampur,onion,107557,150,850,583
2016-10-01,Maharashtra,Ahmadnagar,Shrirampur,onion,76155,100,1000,670
2016-11-01,Maharashtra,Ahmadnagar,Shrirampur,onion,61901,200,1231,800
2014-09-01,Maharashtra,Nasik,Yeola,onion,134594,270,1732,1208
2014-10-01,Maharashtra,Nasik,Yeola,onion,61325,287,1662,1273
2014-11-01,Maharashtra,Nasik,Yeola,onion,46501,475,1623,1339
2014-12-01,Maharashtra,Nasik,Yeola,onion,222889,446,1638,1457
2015-01-01,Maharashtra,Nasik,Yeola,onion,341431,368,1374,1178
2015-02-01,Maharashtra,Nasik,Yeola,onion,458402,482,1530,1381
2015-03-01,Maharashtra,Nasik,Yeola,onion,293275,404,1370,1195
2015-04-01,Maharashtra,Nasik,Yeola,onion,206419,348,1305,1008
2015-05-01,Maharashtra,Nasik,Yeola,onion,148908,328,1574,1128
2015-06-01,Maharashtra,Nasik,Yeola,onion,151526,501,1885,1489
2015-07-01,Maharashtra,Nasik,Yeola,onion,113713,850,2457,2122
2015-08-01,Maharashtra,Nasik,Yeola,onion,60752,1539,4840,4179
2015-09-01,Maharashtra,Nasik,Yeola,onion,39391,1743,4716,4111
2015-10-01,Maharashtra,Nasik,Yeola,onion,24423,1087,3602,3018
2015-11-01,Maharashtra,Nasik,Yeola,onion,62522,1003,2460,2043
2015-12-01,Maharashtra,Nasik,Yeola,onion,298775,603,1450,1148
2016-01-01,Maharashtra,Nasik,Yeola,onion,437432,437,1272,1034
2016-02-01,Maharashtra,Nasik,Yeola,onion,351421,344,942,720
2016-03-01,Maharashtra,Nasik,Yeola,onion,117360,341,763,666
2016-04-01,Maharashtra,Nasik,Yeola,onion,116744,285,801,650
2016-05-01,Maharashtra,Nasik,Yeola,onion,139103,214,842,639
2016-06-01,Maharashtra,Nasik,Yeola,onion,137707,231,923,734
2016-07-01,Maharashtra,Nasik,Yeola,onion,43337,266,933,774
2016-08-01,Maharashtra,Nasik,Yeola,onion,142338,246,801,619
2016-09-01,Maharashtra,Nasik,Yeola,onion,133500,125,586,348
2016-10-01,Maharashtra,Nasik,Yeola,onion,130880,180,757,493
2016-11-01,Maharashtra,Nasik,Yeola,onion,44794,214,794,578
2014-11-01,Maharashtra,Ahmadnagar,Ahmednagar,soyabean,1013,2856,3217,3036
2015-01-01,Maharashtra,Ahmadnagar,Ahmednagar,soyabean,84,3100,3314,3207
2015-04-01,Maharashtra,Ahmadnagar,Ahmednagar,soyabean,12,2900,3400,3150
2015-09-01,Maharashtra,Ahmadnagar,Ahmednagar,soyabean,29,3200,3475,3338
2015-10-01,Maharashtra,Ahmadnagar,Ahmednagar,soyabean,2534,3347,3741,3566
2015-11-01,Maharashtra,Ahmadnagar,Ahmednagar,soyabean,598,3410,3725,3568
2015-12-01,Maharashtra,Ahmadnagar,Ahmednagar,soyabean,17,2700,3550,3125
2016-01-01,Maharashtra,Ahmadnagar,Ahmednagar,soyabean,16,3363,3513,3454
2016-02-01,Maharashtra,Ahmadnagar,Ahmednagar,soyabean,8,3300,3650,3490
2016-04-01,Maharashtra,Ahmadnagar,Ahmednagar,soyabean,20,2200,3900,3603
2016-05-01,Maharashtra,Ahmadnagar,Ahmednagar,soyabean,5,3700,3900,3750
2016-10-01,Maharashtra,Ahmadnagar,Ahmednagar,soyabean,3308,2206,2870,2560
2016-11-01,Maharashtra,Ahmadnagar,Ahmednagar,soyabean,2197,2075,2786,2458
2014-09-01,Maharashtra,Ahmadnagar,Kopargaon,soyabean,216,2954,3247,3138
2014-10-01,Maharashtra,Ahmadnagar,Kopargaon,soyabean,819,2837,3056,2989
2014-11-01,Maharashtra,Ahmadnagar,Kopargaon,soyabean,2563,3016,3289,3216
2014-12-01,Maharashtra,Ahmadnagar,Kopargaon,soyabean,1507,2945,3247,3199
2015-01-01,Maharashtra,Ahmadnagar,Kopargaon,soyabean,1058,2898,3267,3233
2015-02-01,Maharashtra,Ahmadnagar,Kopargaon,soyabean,710,2979,3208,3186
2015-03-01,Maharashtra,Ahmadnagar,Kopargaon,soyabean,631,2820,3194,3160
2015-04-01,Maharashtra,Ahmadnagar,Kopargaon,soyabean,329,3244,3590,3517
2015-05-01,Maharashtra,Ahmadnagar,Kopargaon,soyabean,379,3213,3781,3729
2015-06-01,Maharashtra,Ahmadnagar,Kopargaon,soyabean,426,3186,3457,3395
2015-07-01,Maharashtra,Ahmadnagar,Kopargaon,soyabean,220,2996,3308,3255
2015-08-01,Maharashtra,Ahmadnagar,Kopargaon,soyabean,95,2983,3136,3110
2015-09-01,Maharashtra,Ahmadnagar,Kopargaon,soyabean,187,3011,3242,3217
2015-10-01,Maharashtra,Ahmadnagar,Kopargaon,soyabean,1208,3175,3723,3684
2015-11-01,Maharashtra,Ahmadnagar,Kopargaon,soyabean,421,3271,3701,3678
2015-12-01,Maharashtra,Ahmadnagar,Kopargaon,soyabean,542,3065,3626,3594
2016-01-01,Maharashtra,Ahmadnagar,Kopargaon,soyabean,364,3032,3647,3591
2016-02-01,Maharashtra,Ahmadnagar,Kopargaon,soyabean,246,3360,3618,3594
2016-03-01,Maharashtra,Ahmadnagar,Kopargaon,soyabean,191,3365,3675,3638
2016-04-01,Maharashtra,Ahmadnagar,Kopargaon,soyabean,175,3728,3950,3893
2016-05-01,Maharashtra,Ahmadnagar,Kopargaon,soyabean,382,3319,3856,3812
2016-06-01,Maharashtra,Ahmadnagar,Kopargaon,soyabean,339,3373,3752,3671
2016-07-01,Maharashtra,Ahmadnagar,Kopargaon,soyabean,12,3437,3687,3637
2016-08-01,Maharashtra,Ahmadnagar,Kopargaon,soyabean,400,3078,3357,3298
2016-09-01,Maharashtra,Ahmadnagar,Kopargaon,soyabean,98,2834,3077,3052
2016-10-01,Maharashtra,Ahmadnagar,Kopargaon,soyabean,2170,2576,2846,2788
2016-11-01,Maharashtra,Ahmadnagar,Kopargaon,soyabean,3952,2466,2747,2705
2014-09-01,Maharashtra,Nasik,Lasalgaon,soyabean,925,1954,3507,3431
2014-10-01,Maharashtra,Nasik,Lasalgaon,soyabean,915,2111,3266,3147
2014-11-01,Maharashtra,Nasik,Lasalgaon,soyabean,8418,1900,3408,3362
2014-12-01,Maharashtra,Nasik,Lasalgaon,soyabean,7836,1713,3336,3289
2015-01-01,Maharashtra,Nasik,Lasalgaon,soyabean,4206,2562,3402,3357
2015-02-01,Maharashtra,Nasik,Lasalgaon,soyabean,2429,2333,3365,3329
2015-03-01,Maharashtra,Nasik,Lasalgaon,soyabean,376,2000,3305,3281
2015-04-01,Maharashtra,Nasik,Lasalgaon,soyabean,4425,2893,3750,3691
2015-05-01,Maharashtra,Nasik,Lasalgaon,soyabean,6734,2789,3956,3881
2015-06-01,Maharashtra,Nasik,Lasalgaon,soyabean,4258,2478,3651,3574
2015-07-01,Maharashtra,Nasik,Lasalgaon,soyabean,1998,2980,3517,3477
2015-08-01,Maharashtra,Nasik,Lasalgaon,soyabean,978,2756,3362,3323
2015-09-01,Maharashtra,Nasik,Lasalgaon,soyabean,834,2841,3451,3403
2015-10-01,Maharashtra,Nasik,Lasalgaon,soyabean,8716,2311,3787,3742
2015-11-01,Maharashtra,Nasik,Lasalgaon,soyabean,6583,2744,3796,3744
2015-12-01,Maharashtra,Nasik,Lasalgaon,soyabean,4528,2410,3712,3674
2016-01-01,Maharashtra,Nasik,Lasalgaon,soyabean,2020,2846,3771,3731
2016-02-01,Maharashtra,Nasik,Lasalgaon,soyabean,2439,2525,3740,3709
2016-03-01,Maharashtra,Nasik,Lasalgaon,soyabean,2218,2468,3768,3730
2016-04-01,Maharashtra,Nasik,Lasalgaon,soyabean,3891,2513,4096,4014
2016-05-01,Maharashtra,Nasik,Lasalgaon,soyabean,4005,2324,3997,3947
2016-06-01,Maharashtra,Nasik,Lasalgaon,soyabean,2684,2205,3896,3849
2016-07-01,Maharashtra,Nasik,Lasalgaon,soyabean,575,2515,3678,3625
2016-08-01,Maharashtra,Nasik,Lasalgaon,soyabean,2249,2282,3531,3444
2016-09-01,Maharashtra,Nasik,Lasalgaon,soyabean,1395,2321,3274,3213
2016-10-01,Maharashtra,Nasik,Lasalgaon,soyabean,537,2461,3155,3044
2016-11-01,Maharashtra,Nasik,Lasalgaon,soyabean,9810,2246,2845,2768
2015-04-01,Maharashtra,Nasik,Lasalgaon-Vinchur,soyabean,1777,2686,3738,3671
2015-05-01,Maharashtra,Nasik,Lasalgaon-Vinchur,soyabean,2708,2329,3965,3818
2015-06-01,Maharashtra,Nasik,Lasalgaon-Vinchur,soyabean,1429,2198,3645,3524
2015-07-01,Maharashtra,Nasik,Lasalgaon-Vinchur,soyabean,524,2689,3502,3424
2015-08-01,Maharashtra,Nasik,Lasalgaon-Vinchur,soyabean,235,2458,3331,3263
2015-09-01,Maharashtra,Nasik,Lasalgaon-Vinchur,soyabean,218,2874,3426,3330
2015-10-01,Maharashtra,Nasik,Lasalgaon-Vinchur,soyabean,6999,2048,3829,3708
2015-11-01,Maharashtra,Nasik,Lasalgaon-Vinchur,soyabean,5972,1520,3787,3663
2015-12-01,Maharashtra,Nasik,Lasalgaon-Vinchur,soyabean,3312,1642,3770,3628
2016-01-01,Maharashtra,Nasik,Lasalgaon-Vinchur,soyabean,2109,1919,3831,3707
2016-02-01,Maharashtra,Nasik,Lasalgaon-Vinchur,soyabean,998,2446,3763,3658
2016-03-01,Maharashtra,Nasik,Lasalgaon-Vinchur,soyabean,828,2136,3803,3647
2016-04-01,Maharashtra,Nasik,Lasalgaon-Vinchur,soyabean,1879,2932,4101,4053
2016-05-01,Maharashtra,Nasik,Lasalgaon-Vinchur,soyabean,1464,2899,3986,3921
2016-06-01,Maharashtra,Nasik,Lasalgaon-Vinchur,soyabean,793,3116,3883,3829
2016-07-01,Maharashtra,Nasik,Lasalgaon-Vinchur,soyabean,86,2858,3677,3630
2016-08-01,Maharashtra,Nasik,Lasalgaon-Vinchur,soyabean,507,2615,3457,3400
2016-09-01,Maharashtra,Nasik,Lasalgaon-Vinchur,soyabean,196,2731,3226,3184
2016-10-01,Maharashtra,Nasik,Lasalgaon-Vinchur,soyabean,5202,2235,2919,2819
2016-11-01,Maharashtra,Nasik,Lasalgaon-Vinchur,soyabean,13080,2128,2805,2756
2014-09-01,Maharashtra,Nasik,Malegaon,soyabean,33,3308,3314,3309
2014-10-01,Maharashtra,Nasik,Malegaon,soyabean,12,3051,3060,3055
2014-11-01,Maharashtra,Nasik,Malegaon,soyabean,34,3226,3325,3250
2014-12-01,Maharashtra,Nasik,Malegaon,soyabean,90,3088,3423,3216
2015-01-01,Maharashtra,Nasik,Malegaon,soyabean,51,3212,3289,3272
2015-02-01,Maharashtra,Nasik,Malegaon,soyabean,31,3192,3257,3247
2015-03-01,Maharashtra,Nasik,Malegaon,soyabean,13,3166,3206,3181
2015-04-01,Maharashtra,Nasik,Malegaon,soyabean,23,3050,3461,3200
2015-06-01,Maharashtra,Nasik,Malegaon,soyabean,20,3478,3576,3496
2015-10-01,Maharashtra,Nasik,Malegaon,soyabean,304,3589,3698,3660
2015-11-01,Maharashtra,Nasik,Malegaon,soyabean,173,3347,3661,3482
2015-12-01,Maharashtra,Nasik,Malegaon,soyabean,64,3451,3777,3654
2016-01-01,Maharashtra,Nasik,Malegaon,soyabean,55,3436,3618,3565
2016-03-01,Maharashtra,Nasik,Malegaon,soyabean,93,3436,3766,3730
2016-06-01,Maharashtra,Nasik,Malegaon,soyabean,2,3726,3726,3726
2016-11-01,Maharashtra,Nasik,Malegaon,soyabean,10,1500,2641,2390
2014-10-01,Maharashtra,Nasik,Nandgaon,soyabean,18,3303,3400,3355
2014-12-01,Maharashtra,Nasik,Nandgaon,soyabean,19,3420,3430,3420
2015-09-01,Maharashtra,Nasik,Nandgaon,soyabean,3,3350,3350,3350
2015-10-01,Maharashtra,Nasik,Nandgaon,soyabean,156,3496,6141,3720
2015-11-01,Maharashtra,Nasik,Nandgaon,soyabean,104,3420,3802,3766
2015-12-01,Maharashtra,Nasik,Nandgaon,soyabean,66,3255,3711,3624
2016-01-01,Maharashtra,Nasik,Nandgaon,soyabean,9,3284,3534,3529
2016-03-01,Maharashtra,Nasik,Nandgaon,soyabean,13,3525,3645,3645
2014-09-01,Maharashtra,Ahmadnagar,Rahata,soyabean,1,3300,3300,3300
2014-10-01,Maharashtra,Ahmadnagar,Rahata,soyabean,108,2875,3013,2950
2014-11-01,Maharashtra,Ahmadnagar,Rahata,soyabean,558,3048,3244,3145
2014-12-01,Maharashtra,Ahmadnagar,Rahata,soyabean,268,3063,3205,3119
2015-01-01,Maharashtra,Ahmadnagar,Rahata,soyabean,135,3184,3249,3201
2015-02-01,Maharashtra,Ahmadnagar,Rahata,soyabean,242,3074,3169,3117
2015-03-01,Maharashtra,Ahmadnagar,Rahata,soyabean,235,3117,3139,3124
2015-04-01,Maharashtra,Ahmadnagar,Rahata,soyabean,93,3382,3407,3391
2015-05-01,Maharashtra,Ahmadnagar,Rahata,soyabean,40,3530,3710,3530
2015-06-01,Maharashtra,Ahmadnagar,Rahata,soyabean,23,3338,3350,3338
2015-07-01,Maharashtra,Ahmadnagar,Rahata,soyabean,22,3185,3255,3185
2015-09-01,Maharashtra,Ahmadnagar,Rahata,soyabean,37,3135,3135,3135
2015-10-01,Maharashtra,Ahmadnagar,Rahata,soyabean,744,3300,3549,3441
2015-11-01,Maharashtra,Ahmadnagar,Rahata,soyabean,123,3525,3603,3553
2015-12-01,Maharashtra,Ahmadnagar,Rahata,soyabean,78,3515,3581,3542
2016-01-01,Maharashtra,Ahmadnagar,Rahata,soyabean,61,3528,3568,3536
2016-02-01,Maharashtra,Ahmadnagar,Rahata,soyabean,63,3533,3571,3540
2016-03-01,Maharashtra,Ahmadnagar,Rahata,soyabean,33,3554,3588,3567
2016-04-01,Maharashtra,Ahmadnagar,Rahata,soyabean,35,3879,3902,3882
2016-05-01,Maharashtra,Ahmadnagar,Rahata,soyabean,10,3856,3856,3856
2016-06-01,Maharashtra,Ahmadnagar,Rahata,soyabean,17,3707,3720,3707
2016-07-01,Maharashtra,Ahmadnagar,Rahata,soyabean,105,3561,3573,3561
2016-08-01,Maharashtra,Ahmadnagar,Rahata,soyabean,34,3422,3428,3422
2016-09-01,Maharashtra,Ahmadnagar,Rahata,soyabean,14,3125,3150,3125
2016-10-01,Maharashtra,Ahmadnagar,Rahata,soyabean,930,2619,2724,2674
2016-11-01,Maharashtra,Ahmadnagar,Rahata,soyabean,3318,2667,2775,2727
2014-12-01,Maharashtra,Ahmadnagar,Rahuri,soyabean,2,2700,2775,2740
2015-02-01,Maharashtra,Ahmadnagar,Rahuri,soyabean,5,2900,2900,2900
2014-09-01,Maharashtra,Ahmadnagar,Sangamner,soyabean,9,3500,3500,3500
2014-11-01,Maharashtra,Ahmadnagar,Sangamner,soyabean,63,3083,3246,3165
2014-12-01,Maharashtra,Ahmadnagar,Sangamner,soyabean,129,3129,3258,3193
2015-01-01,Maharashtra,Ahmadnagar,Sangamner,soyabean,38,3076,3095,3085
2015-02-01,Maharashtra,Ahmadnagar,Sangamner,soyabean,44,3660,3660,3660
2015-03-01,Maharashtra,Ahmadnagar,Sangamner,soyabean,10,3500,3500,3500
2015-04-01,Maharashtra,Ahmadnagar,Sangamner,soyabean,7,4100,4100,4100
2015-05-01,Maharashtra,Ahmadnagar,Sangamner,soyabean,40,4000,4033,4017
2015-06-01,Maharashtra,Ahmadnagar,Sangamner,soyabean,96,3830,3930,3872
2015-07-01,Maharashtra,Ahmadnagar,Sangamner,soyabean,27,3950,3950,3950
2015-08-01,Maharashtra,Ahmadnagar,Sangamner,soyabean,127,3000,3200,3100
2015-10-01,Maharashtra,Ahmadnagar,Sangamner,soyabean,177,3625,3700,3663
2015-11-01,Maharashtra,Ahmadnagar,Sangamner,soyabean,11,3600,3600,3600
2015-12-01,Maharashtra,Ahmadnagar,Sangamner,soyabean,80,3399,3501,3468
2016-01-01,Maharashtra,Ahmadnagar,Sangamner,soyabean,94,3400,3500,3459
2016-02-01,Maharashtra,Ahmadnagar,Sangamner,soyabean,136,3427,3626,3524
2016-03-01,Maharashtra,Ahmadnagar,Sangamner,soyabean,61,3528,3550,3543
2016-04-01,Maharashtra,Ahmadnagar,Sangamner,soyabean,305,3758,3930,3869
2016-05-01,Maharashtra,Ahmadnagar,Sangamner,soyabean,208,3578,3920,3795
2016-06-01,Maharashtra,Ahmadnagar,Sangamner,soyabean,73,3588,3850,3744
2016-07-01,Maharashtra,Ahmadnagar,Sangamner,soyabean,20,3500,3500,3500
2016-08-01,Maharashtra,Ahmadnagar,Sangamner,soyabean,8,3050,3436,3250
2016-09-01,Maharashtra,Ahmadnagar,Sangamner,soyabean,2,3000,3000,3000
2014-09-01,Maharashtra,Nasik,Satana,soyabean,18,3349,3349,3349
2014-10-01,Maharashtra,Nasik,Satana,soyabean,3,2400,3200,2750
2014-11-01,Maharashtra,Nasik,Satana,soyabean,3,7800,7825,7820
2015-06-01,Maharashtra,Nasik,Satana,soyabean,16,3227,3586,3480
2015-07-01,Maharashtra,Nasik,Satana,soyabean,6,3290,3333,3314
2014-09-01,Maharashtra,Ahmadnagar,Shrirampur,soyabean,5,3188,3188,3188
2014-10-01,Maharashtra,Ahmadnagar,Shrirampur,soyabean,406,2818,3046,2935
2014-11-01,Maharashtra,Ahmadnagar,Shrirampur,soyabean,678,2889,3260,3144
2014-12-01,Maharashtra,Ahmadnagar,Shrirampur,soyabean,266,3006,3154,3096
2015-01-01,Maharashtra,Ahmadnagar,Shrirampur,soyabean,331,2966,3189,3113
2015-02-01,Maharashtra,Ahmadnagar,Shrirampur,soyabean,133,3088,3159,3122
2015-03-01,Maharashtra,Ahmadnagar,Shrirampur,soyabean,124,3087,3152,3120
2015-04-01,Maharashtra,Ahmadnagar,Shrirampur,soyabean,57,3341,3473,3431
2015-05-01,Maharashtra,Ahmadnagar,Shrirampur,soyabean,42,3780,3780,3780
2015-06-01,Maharashtra,Ahmadnagar,Shrirampur,soyabean,38,3370,3425,3398
2015-08-01,Maharashtra,Ahmadnagar,Shrirampur,soyabean,5,3000,3100,3050
2015-09-01,Maharashtra,Ahmadnagar,Shrirampur,soyabean,46,2856,3094,2950
2015-10-01,Maharashtra,Ahmadnagar,Shrirampur,soyabean,412,3204,3587,3484
2015-11-01,Maharashtra,Ahmadnagar,Shrirampur,soyabean,157,3354,3580,3483
2015-12-01,Maharashtra,Ahmadnagar,Shrirampur,soyabean,62,3398,3535,3489
2016-01-01,Maharashtra,Ahmadnagar,Shrirampur,soyabean,84,3252,3544,3473
2016-02-01,Maharashtra,Ahmadnagar,Shrirampur,soyabean,34,3564,3567,3565
2016-03-01,Maharashtra,Ahmadnagar,Shrirampur,soyabean,7,3468,3628,3525
2016-04-01,Maharashtra,Ahmadnagar,Shrirampur,soyabean,6,3926,3926,3926
2016-05-01,Maharashtra,Ahmadnagar,Shrirampur,soyabean,10,3533,3700,3617
2016-06-01,Maharashtra,Ahmadnagar,Shrirampur,soyabean,3,3688,3688,3688
2016-08-01,Maharashtra,Ahmadnagar,Shrirampur,soyabean,9,2500,3251,3200
2016-10-01,Maharashtra,Ahmadnagar,Shrirampur,soyabean,147,2500,2600,2550
2016-11-01,Maharashtra,Ahmadnagar,Shrirampur,soyabean,3449,2552,2779,2694
2014-10-01,Maharashtra,Nasik,Yeola,soyabean,16,2857,3170,3145
2014-11-01,Maharashtra,Nasik,Yeola,soyabean,11,3138,3363,3314
2014-12-01,Maharashtra,Nasik,Yeola,soyabean,5,3126,3199,3181
2015-10-01,Maharashtra,Nasik,Yeola,soyabean,20,3798,3886,3838
2016-10-01,Maharashtra,Nasik,Yeola,soyabean,9,2775,2780,2775
2016-11-01,Maharashtra,Nasik,Yeola,soyabean,357,2777,2798,2783
2015-06-01,Maharashtra,Ahmadnagar,Ahmednagar,tomato,713,371,1486,929
2015-07-01,Maharashtra,Ahmadnagar,Ahmednagar,tomato,775,1122,1956,1539
2015-08-01,Maharashtra,Ahmadnagar,Ahmednagar,tomato,891,717,1267,992
2015-09-01,Maharashtra,Ahmadnagar,Ahmednagar,tomato,664,500,1000,750
2015-10-01,Maharashtra,Ahmadnagar,Ahmednagar,tomato,1114,550,1560,1055
2015-11-01,Maharashtra,Ahmadnagar,Ahmednagar,tomato,724,900,3190,2045
2015-12-01,Maharashtra,Ahmadnagar,Ahmednagar,tomato,1167,550,2240,1395
2016-01-01,Maharashtra,Ahmadnagar,Ahmednagar,tomato,906,480,1960,1220
2016-02-01,Maharashtra,Ahmadnagar,Ahmednagar,tomato,479,300,1017,692
2016-04-01,Maharashtra,Ahmadnagar,Ahmednagar,tomato,334,350,875,700
2016-05-01,Maharashtra,Ahmadnagar,Ahmednagar,tomato,1043,521,2693,1618
2016-06-01,Maharashtra,Ahmadnagar,Ahmednagar,tomato,965,995,5600,3275
2016-07-01,Maharashtra,Ahmadnagar,Ahmednagar,tomato,1186,821,4029,2346
2016-08-01,Maharashtra,Ahmadnagar,Ahmednagar,tomato,1584,333,1343,838
2016-09-01,Maharashtra,Ahmadnagar,Ahmednagar,tomato,2144,157,724,443
2016-10-01,Maharashtra,Ahmadnagar,Ahmednagar,tomato,907,227,1127,632
2016-11-01,Maharashtra,Ahmadnagar,Ahmednagar,tomato,829,167,900,533
2014-09-01,Maharashtra,Nasik,Lasalgaon,tomato,3470,255,2105,1705
2016-08-01,Maharashtra,Nasik,Lasalgaon,tomato,17218,225,1049,859
2016-09-01,Maharashtra,Nasik,Lasalgaon,tomato,80920,198,1035,829
2016-10-01,Maharashtra,Nasik,Lasalgaon,tomato,31461,182,1210,825
2016-11-01,Maharashtra,Nasik,Lasalgaon,tomato,420,100,685,485
2016-07-01,Maharashtra,Nasik,Manmad,tomato,44,238,544,422
2016-08-01,Maharashtra,Nasik,Manmad,tomato,42,237,351,284
2014-09-01,Maharashtra,Nasik,Nashik,tomato,10901,969,2281,1588
2014-11-01,Maharashtra,Nasik,Nashik,tomato,45163,324,770,561
2014-12-01,Maharashtra,Nasik,Nashik,tomato,20811,682,1670,1228
2015-01-01,Maharashtra,Nasik,Nashik,tomato,1853,904,2739,1857
2015-02-01,Maharashtra,Nasik,Nashik,tomato,1657,1071,2607,1879
2015-03-01,Maharashtra,Nasik,Nashik,tomato,660,800,2000,1288
2015-04-01,Maharashtra,Nasik,Nashik,tomato,222,500,1500,1000
2015-06-01,Maharashtra,Nasik,Nashik,tomato,397,650,1400,1250
2015-11-01,Maharashtra,Nasik,Nashik,tomato,18871,1667,3158,2388
2015-12-01,Maharashtra,Nasik,Nashik,tomato,29071,980,2232,1491
2016-01-01,Maharashtra,Nasik,Nashik,tomato,25178,833,1876,1263
2016-02-01,Maharashtra,Nasik,Nashik,tomato,15005,560,1129,843
2016-03-01,Maharashtra,Nasik,Nashik,tomato,14730,501,880,677
2016-04-01,Maharashtra,Nasik,Nashik,tomato,16676,481,937,709
2016-05-01,Maharashtra,Nasik,Nashik,tomato,20039,1215,2512,1752
2016-06-01,Maharashtra,Nasik,Nashik,tomato,10587,2746,5743,3794
2016-07-01,Maharashtra,Nasik,Nashik,tomato,8915,1798,3662,2635
2016-08-01,Maharashtra,Nasik,Nashik,tomato,26347,633,1358,984
2016-09-01,Maharashtra,Nasik,Nashik,tomato,49875,518,1121,812
2016-10-01,Maharashtra,Nasik,Nashik,tomato,67303,529,1157,815
2016-11-01,Maharashtra,Nasik,Nashik,tomato,62146,407,685,548
2014-09-01,Maharashtra,Ahmadnagar,Rahata,tomato,252,1138,1923,1546
2014-10-01,Maharashtra,Ahmadnagar,Rahata,tomato,242,700,1433,1078
2014-11-01,Maharashtra,Ahmadnagar,Rahata,tomato,267,418,836,609
2014-12-01,Maharashtra,Ahmadnagar,Rahata,tomato,168,650,1442,1042
2015-01-01,Maharashtra,Ahmadnagar,Rahata,tomato,148,733,1775,1267
2015-02-01,Maharashtra,Ahmadnagar,Rahata,tomato,240,675,1883,1325
2015-03-01,Maharashtra,Ahmadnagar,Rahata,tomato,304,664,1307,1000
2015-04-01,Maharashtra,Ahmadnagar,Rahata,tomato,281,492,1223,869
2015-05-01,Maharashtra,Ahmadnagar,Rahata,tomato,154,575,1150,913
2015-06-01,Maharashtra,Ahmadnagar,Rahata,tomato,193,713,1438,1113
2015-07-01,Maharashtra,Ahmadnagar,Rahata,tomato,257,710,2030,1450
2015-08-01,Maharashtra,Ahmadnagar,Rahata,tomato,349,436,973,691
2015-09-01,Maharashtra,Ahmadnagar,Rahata,tomato,286,485,1077,769
2015-10-01,Maharashtra,Ahmadnagar,Rahata,tomato,158,806,1506,1178
2015-11-01,Maharashtra,Ahmadnagar,Rahata,tomato,142,1170,2400,1740
2015-12-01,Maharashtra,Ahmadnagar,Rahata,tomato,315,850,2071,1507
2016-01-01,Maharashtra,Ahmadnagar,Rahata,tomato,339,709,1650,1282
2016-02-01,Maharashtra,Ahmadnagar,Rahata,tomato,422,650,1133,900
2016-03-01,Maharashtra,Ahmadnagar,Rahata,tomato,575,343,836,586
2016-04-01,Maharashtra,Ahmadnagar,Rahata,tomato,287,425,788,558
2016-05-01,Maharashtra,Ahmadnagar,Rahata,tomato,215,1057,2175,1586
2016-06-01,Maharashtra,Ahmadnagar,Rahata,tomato,197,2085,4512,3308
2016-07-01,Maharashtra,Ahmadnagar,Rahata,tomato,282,1073,3223,2131
2016-08-01,Maharashtra,Ahmadnagar,Rahata,tomato,322,531,1177,900
2016-09-01,Maharashtra,Ahmadnagar,Rahata,tomato,319,455,800,620
2016-10-01,Maharashtra,Ahmadnagar,Rahata,tomato,8,500,1000,800
2016-11-01,Maharashtra,Ahmadnagar,Rahata,tomato,248,445,750,573
2015-11-01,Maharashtra,Ahmadnagar,Rahuri,tomato,50,300,2500,1350
2015-12-01,Maharashtra,Ahmadnagar,Rahuri,tomato,305,342,1633,951
2016-05-01,Maharashtra,Ahmadnagar,Rahuri,tomato,1418,277,1923,1100
2016-06-01,Maharashtra,Ahmadnagar,Rahuri,tomato,187,1440,4200,2820
2016-07-01,Maharashtra,Ahmadnagar,Rahuri,tomato,102,467,2667,1567
2016-08-01,Maharashtra,Ahmadnagar,Rahuri,tomato,674,255,1682,982
2016-09-01,Maharashtra,Ahmadnagar,Rahuri,tomato,344,180,1140,660
2016-11-01,Maharashtra,Ahmadnagar,Rahuri,tomato,1216,137,879,508
2014-09-01,Maharashtra,Ahmadnagar,Sangamner,tomato,49211,2038,4423,3233
2014-10-01,Maharashtra,Ahmadnagar,Sangamner,tomato,27960,1591,2836,2180
2014-11-01,Maharashtra,Ahmadnagar,Sangamner,tomato,31610,269,688,477
2014-12-01,Maharashtra,Ahmadnagar,Sangamner,tomato,27882,505,986,748
2015-01-01,Maharashtra,Ahmadnagar,Sangamner,tomato,316,500,1017,758
2015-03-01,Maharashtra,Ahmadnagar,Sangamner,tomato,1410,650,1300,975
2015-04-01,Maharashtra,Ahmadnagar,Sangamner,tomato,51671,1325,2070,1711
2015-05-01,Maharashtra,Ahmadnagar,Sangamner,tomato,254900,355,1288,807
2015-06-01,Maharashtra,Ahmadnagar,Sangamner,tomato,374700,275,1413,845
2015-07-01,Maharashtra,Ahmadnagar,Sangamner,tomato,238800,492,1782,1143
2015-08-01,Maharashtra,Ahmadnagar,Sangamner,tomato,276100,345,1128,737
2015-09-01,Maharashtra,Ahmadnagar,Sangamner,tomato,220300,382,965,673
2015-10-01,Maharashtra,Ahmadnagar,Sangamner,tomato,128200,381,1267,934
2015-11-01,Maharashtra,Ahmadnagar,Sangamner,tomato,61910,682,1786,1432
2015-12-01,Maharashtra,Ahmadnagar,Sangamner,tomato,15517,418,1110,853
2016-04-01,Maharashtra,Ahmadnagar,Sangamner,tomato,158630,531,1195,969
2016-05-01,Maharashtra,Ahmadnagar,Sangamner,tomato,407800,658,2095,1636
2016-06-01,Maharashtra,Ahmadnagar,Sangamner,tomato,208575,1238,4260,3357
2016-07-01,Maharashtra,Ahmadnagar,Sangamner,tomato,22709,805,2025,1530
2016-08-01,Maharashtra,Ahmadnagar,Sangamner,tomato,54191,559,1098,886
2016-09-01,Maharashtra,Ahmadnagar,Sangamner,tomato,163400,348,892,698
2016-10-01,Maharashtra,Ahmadnagar,Sangamner,tomato,84350,387,924,721
2016-11-01,Maharashtra,Ahmadnagar,Sangamner,tomato,15490,261,568,451
2014-09-01,Maharashtra,Ahmadnagar,Shrirampur,tomato,790,1929,2690,2312
2014-10-01,Maharashtra,Ahmadnagar,Shrirampur,tomato,820,1386,1977,1682
2014-11-01,Maharashtra,Ahmadnagar,Shrirampur,tomato,895,996,1371,1183
2014-12-01,Maharashtra,Ahmadnagar,Shrirampur,tomato,808,1505,2018,1761
2015-01-01,Maharashtra,Ahmadnagar,Shrirampur,tomato,963,1538,2269,1906
2015-02-01,Maharashtra,Ahmadnagar,Shrirampur,tomato,825,1477,2341,1911
2015-03-01,Maharashtra,Ahmadnagar,Shrirampur,tomato,900,1479,2063,1771
2015-04-01,Maharashtra,Ahmadnagar,Shrirampur,tomato,900,1471,1958,1715
2015-05-01,Maharashtra,Ahmadnagar,Shrirampur,tomato,900,1179,1646,1413
2015-06-01,Maharashtra,Ahmadnagar,Shrirampur,tomato,950,1148,1609,1378
2015-07-01,Maharashtra,Ahmadnagar,Shrirampur,tomato,710,1316,1921,1624
2015-08-01,Maharashtra,Ahmadnagar,Shrirampur,tomato,770,1086,1524,1307
2015-09-01,Maharashtra,Ahmadnagar,Shrirampur,tomato,766,1071,1471,1271
2015-10-01,Maharashtra,Ahmadnagar,Shrirampur,tomato,970,1288,1846,1567
2015-11-01,Maharashtra,Ahmadnagar,Shrirampur,tomato,736,2025,3000,2560
2015-12-01,Maharashtra,Ahmadnagar,Shrirampur,tomato,560,1733,2600,2187
2016-01-01,Maharashtra,Ahmadnagar,Shrirampur,tomato,705,1605,2368,2000
2016-02-01,Maharashtra,Ahmadnagar,Shrirampur,tomato,490,1331,1808,1569
2016-03-01,Maharashtra,Ahmadnagar,Shrirampur,tomato,931,869,1238,1048
2016-04-01,Maharashtra,Ahmadnagar,Shrirampur,tomato,843,787,1039,913
2016-05-01,Maharashtra,Ahmadnagar,Shrirampur,tomato,820,1674,2370,2039
2016-06-01,Maharashtra,Ahmadnagar,Shrirampur,tomato,736,3320,4080,3706
2016-07-01,Maharashtra,Ahmadnagar,Shrirampur,tomato,442,2972,3583,3278
2016-08-01,Maharashtra,Ahmadnagar,Shrirampur,tomato,442,1033,1433,1229
2016-09-01,Maharashtra,Ahmadnagar,Shrirampur,tomato,524,800,1065,933
2016-10-01,Maharashtra,Ahmadnagar,Shrirampur,tomato,470,868,1218,1043
2016-11-01,Maharashtra,Ahmadnagar,Shrirampur,tomato,454,886,1181,1033
