decision_month,crop,action,nearest_mandi,recommended_mandi,nearest_mandi_net_rs_per_quintal,forecasted_net_rs_per_quintal,actual_advisory_net_rs_per_quintal,gain_vs_nearest_rs_per_quintal,advisory_won
2014-11-01,onion,SELL_NOW,Nashik,Nashik,1563.0,1563.0,1563.0,0.0,False
2014-12-01,onion,SELL_NOW,Nashik,Nashik,1569.0,1569.0,1569.0,0.0,False
2015-01-01,onion,HOLD_ONE_MONTH,Nashik,Nashik,1275.0,1444.0,1515.0,240.0,True
2015-02-01,onion,SELL_NOW,Nashik,Nashik,1540.0,1540.0,1540.0,0.0,False
2015-03-01,onion,HOLD_ONE_MONTH,Nashik,Nashik,1300.0,1346.67,875.0,-425.0,False
2015-04-01,onion,HOLD_ONE_MONTH,Nashik,Kopargaon,900.0,1046.67,1034.0,134.0,True
2015-05-01,onion,SELL_NOW,Lasalgaon,Lasalgaon,1071.0,1071.0,1071.0,0.0,False
2015-06-01,onion,SELL_NOW,Lasalgaon,Lasalgaon,1433.0,1433.0,1433.0,0.0,False
2015-07-01,onion,SELL_NOW,Lasalgaon,Lasalgaon,1993.0,1993.0,1993.0,0.0,False
2015-08-01,onion,SELL_NOW,Lasalgaon,Lasalgaon,3999.0,3999.0,3999.0,0.0,False
2015-09-01,onion,SELL_NOW,Lasalgaon,Lasalgaon,3974.0,3974.0,3974.0,0.0,False
2015-10-01,onion,HOLD_ONE_MONTH,Lasalgaon,Ahmednagar,2916.0,3707.67,1810.0,-1106.0,False
2015-11-01,onion,HOLD_ONE_MONTH,Nashik,Lasalgaon,1856.0,3130.33,1125.0,-731.0,False
2015-12-01,onion,HOLD_ONE_MONTH,Nashik,Sangamner,1150.0,2281.33,1122.0,-28.0,False
2016-01-01,onion,HOLD_ONE_MONTH,Nashik,Sangamner,1160.0,1674.33,838.0,-322.0,False
2016-02-01,onion,HOLD_ONE_MONTH,Nashik,Sangamner,705.0,1110.33,559.0,-146.0,False
2016-03-01,onion,HOLD_ONE_MONTH,Nashik,Sangamner,571.0,839.67,567.0,-4.0,False
2016-04-01,onion,HOLD_ONE_MONTH,Nashik,Sangamner,617.0,654.67,535.0,-82.0,False
2016-05-01,onion,HOLD_ONE_MONTH,Nashik,Lasalgaon,509.0,599.0,699.0,190.0,True
2016-06-01,onion,HOLD_ONE_MONTH,Nashik,Lasalgaon,533.0,639.0,679.0,146.0,True
2016-07-01,onion,HOLD_ONE_MONTH,Nashik,Lasalgaon,491.0,666.0,570.0,79.0,True
2016-08-01,onion,HOLD_ONE_MONTH,Nashik,Lasalgaon,504.0,649.33,290.0,-214.0,False
2016-09-01,onion,HOLD_ONE_MONTH,Nashik,Sangamner,436.0,551.0,524.0,88.0,True
2016-10-01,onion,HOLD_ONE_MONTH,Nashik,Sangamner,479.0,516.67,851.0,372.0,True
2014-11-01,soyabean,SELL_NOW,Lasalgaon,Lasalgaon,3237.0,3237.0,3237.0,0.0,False
2014-12-01,soyabean,SELL_NOW,Lasalgaon,Lasalgaon,3164.0,3164.0,3164.0,0.0,False
2015-01-01,soyabean,SELL_NOW,Lasalgaon,Lasalgaon,3232.0,3232.0,3232.0,0.0,False
2015-02-01,soyabean,SELL_NOW,Lasalgaon,Lasalgaon,3204.0,3204.0,3204.0,0.0,False
2015-03-01,soyabean,HOLD_ONE_MONTH,Lasalgaon,Sangamner,3156.0,3240.0,3925.0,769.0,True
2015-04-01,soyabean,HOLD_ONE_MONTH,Lasalgaon,Sangamner,3566.0,3578.33,3842.0,276.0,True
2015-05-01,soyabean,SELL_NOW,Lasalgaon,Lasalgaon,3756.0,3756.0,3756.0,0.0,False
2015-06-01,soyabean,HOLD_ONE_MONTH,Lasalgaon,Sangamner,3449.0,3821.33,3775.0,326.0,True
2015-07-01,soyabean,HOLD_ONE_MONTH,Lasalgaon,Sangamner,3352.0,3771.33,2925.0,-427.0,False
2015-08-01,soyabean,HOLD_ONE_MONTH,Lasalgaon,Lasalgaon,3198.0,3323.0,3268.0,70.0,True
2015-09-01,soyabean,SELL_NOW,Lasalgaon,Lasalgaon,3278.0,3278.0,3278.0,0.0,False
2015-10-01,soyabean,SELL_NOW,Lasalgaon,Lasalgaon,3617.0,3617.0,3617.0,0.0,False
2015-11-01,soyabean,SELL_NOW,Lasalgaon,Lasalgaon,3619.0,3619.0,3619.0,0.0,False
2015-12-01,soyabean,HOLD_ONE_MONTH,Lasalgaon,Lasalgaon,3549.0,3585.0,3596.0,47.0,True
2016-01-01,soyabean,SELL_NOW,Lasalgaon,Lasalgaon,3606.0,3606.0,3606.0,0.0,False
2016-02-01,soyabean,SELL_NOW,Lasalgaon,Lasalgaon,3584.0,3584.0,3584.0,0.0,False
2016-03-01,soyabean,SELL_NOW,Lasalgaon,Lasalgaon,3605.0,3605.0,3605.0,0.0,False
2016-04-01,soyabean,SELL_NOW,Lasalgaon,Lasalgaon,3889.0,3889.0,3889.0,0.0,False
2016-05-01,soyabean,SELL_NOW,Lasalgaon,Lasalgaon,3822.0,3822.0,3822.0,0.0,False
2016-06-01,soyabean,HOLD_ONE_MONTH,Lasalgaon,Lasalgaon,3724.0,3801.67,3490.0,-234.0,False
2016-07-01,soyabean,HOLD_ONE_MONTH,Lasalgaon,Lasalgaon,3500.0,3672.0,3309.0,-191.0,False
2016-08-01,soyabean,HOLD_ONE_MONTH,Lasalgaon,Lasalgaon,3319.0,3504.33,3078.0,-241.0,False
2016-09-01,soyabean,HOLD_ONE_MONTH,Lasalgaon,Lasalgaon,3088.0,3292.33,2909.0,-179.0,False
2016-10-01,soyabean,HOLD_ONE_MONTH,Lasalgaon,Lasalgaon,2919.0,3098.67,2633.0,-286.0,False
2014-09-01,tomato,SELL_NOW,Nashik,Sangamner,1588.0,3068.0,3068.0,1480.0,True
2014-10-01,tomato,SELL_NOW,Sangamner,Sangamner,2015.0,2015.0,2015.0,0.0,False
2014-11-01,tomato,SELL_NOW,Nashik,Shrirampur,561.0,903.0,903.0,342.0,True
2014-12-01,tomato,SELL_NOW,Nashik,Shrirampur,1228.0,1481.0,1481.0,253.0,True
2015-01-01,tomato,SELL_NOW,Nashik,Nashik,1857.0,1857.0,1857.0,0.0,False
2015-02-01,tomato,SELL_NOW,Nashik,Nashik,1879.0,1879.0,1879.0,0.0,False
2015-03-01,tomato,SELL_NOW,Nashik,Shrirampur,1288.0,1491.0,1491.0,203.0,True
2015-04-01,tomato,SELL_NOW,Nashik,Sangamner,1000.0,1546.0,1546.0,546.0,True
2015-05-01,tomato,SELL_NOW,Sangamner,Shrirampur,642.0,1133.0,1133.0,491.0,True
2015-06-01,tomato,SELL_NOW,Nashik,Nashik,1250.0,1250.0,1250.0,0.0,False
2015-07-01,tomato,SELL_NOW,Sangamner,Shrirampur,978.0,1344.0,1344.0,366.0,True
2015-08-01,tomato,SELL_NOW,Sangamner,Shrirampur,572.0,1027.0,1027.0,455.0,True
2015-09-01,tomato,SELL_NOW,Sangamner,Shrirampur,508.0,991.0,991.0,483.0,True
2015-10-01,tomato,SELL_NOW,Sangamner,Shrirampur,769.0,1287.0,1287.0,518.0,True
2015-11-01,tomato,SELL_NOW,Nashik,Nashik,2388.0,2388.0,2388.0,0.0,False
2015-12-01,tomato,SELL_NOW,Nashik,Shrirampur,1491.0,1907.0,1907.0,416.0,True
2016-01-01,tomato,SELL_NOW,Nashik,Shrirampur,1263.0,1720.0,1720.0,457.0,True
2016-02-01,tomato,SELL_NOW,Nashik,Shrirampur,843.0,1289.0,1289.0,446.0,True
2016-03-01,tomato,SELL_NOW,Nashik,Shrirampur,677.0,768.0,768.0,91.0,True
2016-04-01,tomato,SELL_NOW,Nashik,Sangamner,709.0,804.0,804.0,95.0,True
2016-05-01,tomato,SELL_NOW,Nashik,Shrirampur,1752.0,1759.0,1759.0,7.0,True
2016-06-01,tomato,SELL_NOW,Nashik,Nashik,3794.0,3794.0,3794.0,0.0,False
2016-07-01,tomato,SELL_NOW,Nashik,Shrirampur,2635.0,2998.0,2998.0,363.0,True
2016-08-01,tomato,SELL_NOW,Nashik,Nashik,984.0,984.0,984.0,0.0,False
2016-09-01,tomato,SELL_NOW,Nashik,Nashik,812.0,812.0,812.0,0.0,False
2016-10-01,tomato,SELL_NOW,Nashik,Nashik,815.0,815.0,815.0,0.0,False
2016-11-01,tomato,SELL_NOW,Nashik,Shrirampur,548.0,753.0,753.0,205.0,True
