date,state,district,mandi,crop,arrivals,min_price_rs_per_quintal,max_price_rs_per_quintal,modal_price_rs_per_quintal,moving_average_3m,seasonal_naive
2014-10-01,Maharashtra,Ahmadnagar,Ahmednagar,onion,10903,100,2350,1225,,
2014-11-01,Maharashtra,Ahmadnagar,Ahmednagar,onion,205959,145,2189,1180,,
2015-04-01,Maharashtra,Ahmadnagar,Ahmednagar,onion,186700,114,1459,797,,
2015-06-01,Maharashtra,Ahmadnagar,Ahmednagar,onion,163046,367,2461,1414,1067.3333333333333,
2015-07-01,Maharashtra,Ahmadnagar,Ahmednagar,onion,81241,500,2707,1604,1130.3333333333333,
2015-08-01,Maharashtra,Ahmadnagar,Ahmednagar,onion,23523,1955,6680,4635,1271.6666666666667,
2015-09-01,Maharashtra,Ahmadnagar,Ahmednagar,onion,8763,1450,5825,4513,2551.0,
2015-10-01,Maharashtra,Ahmadnagar,Ahmednagar,onion,146708,700,4246,3145,3584.0,1225
2015-11-01,Maharashtra,Ahmadnagar,Ahmednagar,onion,266985,340,3390,2200,4097.666666666667,1180
2015-12-01,Maharashtra,Ahmadnagar,Ahmednagar,onion,332038,130,2218,1390,3286.0,
2016-01-01,Maharashtra,Ahmadnagar,Ahmednagar,onion,208751,200,1947,1313,2245.0,
2016-02-01,Maharashtra,Ahmadnagar,Ahmednagar,onion,67863,100,1425,867,1634.3333333333333,
2016-03-01,Maharashtra,Ahmadnagar,Ahmednagar,onion,26389,100,1000,700,1190.0,
2016-04-01,Maharashtra,Ahmadnagar,Ahmednagar,onion,42342,100,938,538,960.0,797
2016-05-01,Maharashtra,Ahmadnagar,Ahmednagar,onion,130428,100,1020,595,701.6666666666666,
2016-06-01,Maharashtra,Ahmadnagar,Ahmednagar,onion,158164,100,1354,750,611.0,1414
2016-07-01,Maharashtra,Ahmadnagar,Ahmednagar,onion,131077,100,1136,736,627.6666666666666,1604
2016-08-01,Maharashtra,Ahmadnagar,Ahmednagar,onion,243484,100,1103,804,693.6666666666666,4635
2016-09-01,Maharashtra,Ahmadnagar,Ahmednagar,onion,195319,110,985,738,763.3333333333334,4513
2016-10-01,Maharashtra,Ahmadnagar,Ahmednagar,onion,149993,90,1013,735,759.3333333333334,3145
2016-11-01,Maharashtra,Ahmadnagar,Ahmednagar,onion,166201,190,1476,1060,759.0,2200
2014-09-01,Maharashtra,Ahmadnagar,Kopargaon,onion,30391,383,1979,1425,,
2014-10-01,Maharashtra,Ahmadnagar,Kopargaon,onion,19535,600,2184,1542,,
2014-11-01,Maharashtra,Ahmadnagar,Kopargaon,onion,5964,261,1582,1084,,
2014-12-01,Maharashtra,Ahmadnagar,Kopargaon,onion,854,368,1401,1056,1350.3333333333333,
2015-01-01,Maharashtra,Ahmadnagar,Kopargaon,onion,5264,303,1518,1178,1227.3333333333333,
2015-02-01,Maharashtra,Ahmadnagar,Kopargaon,onion,7231,471,1872,1644,1106.0,
2015-03-01,Maharashtra,Ahmadnagar,Kopargaon,onion,35155,338,1438,1138,1292.6666666666667,
2015-04-01,Maharashtra,Ahmadnagar,Kopargaon,onion,34179,395,1350,988,1320.0,
2015-05-01,Maharashtra,Ahmadnagar,Kopargaon,onion,38424,350,1784,1244,1256.6666666666667,
2015-06-01,Maharashtra,Ahmadnagar,Kopargaon,onion,46001,472,2203,1723,1123.3333333333333,
2015-07-01,Maharashtra,Ahmadnagar,Kopargaon,onion,32815,711,2758,2164,1318.3333333333333,
2015-08-01,Maharashtra,Ahmadnagar,Kopargaon,onion,9745,1588,5025,4306,1710.3333333333333,
2015-09-01,Maharashtra,Ahmadnagar,Kopargaon,onion,1517,1531,4638,3994,2731.0,1425
2015-10-01,Maharashtra,Ahmadnagar,Kopargaon,onion,172,706,3275,2840,3488.0,1542
2015-11-01,Maharashtra,Ahmadnagar,Kopargaon,onion,731,625,2325,2033,3713.3333333333335,1084
2015-12-01,Maharashtra,Ahmadnagar,Kopargaon,onion,12729,466,1588,1388,2955.6666666666665,1056
2016-01-01,Maharashtra,Ahmadnagar,Kopargaon,onion,30447,428,1535,1231,2087.0,1178
2016-02-01,Maharashtra,Ahmadnagar,Kopargaon,onion,22019,383,1075,856,1550.6666666666667,1644
2016-03-01,Maharashtra,Ahmadnagar,Kopargaon,onion,13714,328,891,726,1158.3333333333333,1138
2016-04-01,Maharashtra,Ahmadnagar,Kopargaon,onion,18750,250,845,701,937.6666666666666,988
2016-05-01,Maharashtra,Ahmadnagar,Kopargaon,onion,19073,240,923,746,761.0,1244
2016-06-01,Maharashtra,Ahmadnagar,Kopargaon,onion,43625,338,1131,912,724.3333333333334,1723
2016-07-01,Maharashtra,Ahmadnagar,Kopargaon,onion,57057,278,994,798,786.3333333333334,2164
2016-08-01,Maharashtra,Ahmadnagar,Kopargaon,onion,80357,225,912,722,818.6666666666666,4306
2016-09-01,Maharashtra,Ahmadnagar,Kopargaon,onion,56036,108,703,551,810.6666666666666,3994
2016-10-01,Maharashtra,Ahmadnagar,Kopargaon,onion,40413,145,943,662,690.3333333333334,2840
2016-11-01,Maharashtra,Ahmadnagar,Kopargaon,onion,24954,161,1085,790,645.0,2033
2014-09-01,Maharashtra,Nasik,Lasalgaon,onion,305620,323,1943,1360,,
2014-10-01,Maharashtra,Nasik,Lasalgaon,onion,148100,521,1800,1440,,
2014-11-01,Maharashtra,Nasik,Lasalgaon,onion,67560,809,1618,1422,,
2014-12-01,Maharashtra,Nasik,Lasalgaon,onion,285055,940,1651,1464,1407.3333333333333,
2015-01-01,Maharashtra,Nasik,Lasalgaon,onion,476813,663,1687,1416,1442.0,
2015-02-01,Maharashtra,Nasik,Lasalgaon,onion,442145,741,1582,1402,1434.0,
2015-03-01,Maharashtra,Nasik,Lasalgaon,onion,315670,559,1406,1165,1427.3333333333333,
2015-04-01,Maharashtra,Nasik,Lasalgaon,onion,314280,442,1301,1020,1327.6666666666667,
2015-05-01,Maharashtra,Nasik,Lasalgaon,onion,296623,600,1688,1196,1195.6666666666667,
2015-06-01,Maharashtra,Nasik,Lasalgaon,onion,248005,709,1980,1558,1127.0,
2015-07-01,Maharashtra,Nasik,Lasalgaon,onion,145858,1209,2391,2118,1258.0,
2015-08-01,Maharashtra,Nasik,Lasalgaon,onion,50968,2342,4616,4124,1624.0,
2015-09-01,Maharashtra,Nasik,Lasalgaon,onion,31390,2535,4492,4099,2600.0,1360
2015-10-01,Maharashtra,Nasik,Lasalgaon,onion,30083,1789,3383,3041,3447.0,1440
2015-11-01,Maharashtra,Nasik,Lasalgaon,onion,189220,1950,3316,2701,3754.6666666666665,1422
2015-12-01,Maharashtra,Nasik,Lasalgaon,onion,393152,919,1693,1275,3280.3333333333335,1464
2016-01-01,Maharashtra,Nasik,Lasalgaon,onion,482987,711,1470,1156,2339.0,1416
2016-02-01,Maharashtra,Nasik,Lasalgaon,onion,381573,483,1041,795,1710.6666666666667,1402
2016-03-01,Maharashtra,Nasik,Lasalgaon,onion,216522,436,834,729,1075.3333333333333,1165
2016-04-01,Maharashtra,Nasik,Lasalgaon,onion,218985,360,865,748,893.3333333333334,1020
2016-05-01,Maharashtra,Nasik,Lasalgaon,onion,295315,340,929,770,757.3333333333334,1196
2016-06-01,Maharashtra,Nasik,Lasalgaon,onion,261942,343,966,849,749.0,1558
2016-07-01,Maharashtra,Nasik,Lasalgaon,onion,56547,393,943,829,789.0,2118
2016-08-01,Maharashtra,Nasik,Lasalgaon,onion,197382,274,877,720,816.0,4124
2016-09-01,Maharashtra,Nasik,Lasalgaon,onion,141645,115,648,440,799.3333333333334,4099
2016-10-01,Maharashtra,Nasik,Lasalgaon,onion,197265,239,774,567,663.0,3041
2016-11-01,Maharashtra,Nasik,Lasalgaon,onion,132510,458,1206,928,575.6666666666666,2701
2014-09-01,Maharashtra,Nasik,Malegaon,onion,98246,389,1364,1106,,
2014-10-01,Maharashtra,Nasik,Malegaon,onion,48602,593,1628,1289,,
2014-11-01,Maharashtra,Nasik,Malegaon,onion,53894,715,1545,1347,,
2014-12-01,Maharashtra,Nasik,Malegaon,onion,110184,598,1554,1335,1247.3333333333333,
2015-01-01,Maharashtra,Nasik,Malegaon,onion,113342,507,1316,1073,1323.6666666666667,
2015-02-01,Maharashtra,Nasik,Malegaon,onion,131166,597,1495,1241,1251.6666666666667,
2015-03-01,Maharashtra,Nasik,Malegaon,onion,70098,529,1270,1077,1216.3333333333333,
2015-04-01,Maharashtra,Nasik,Malegaon,onion,114419,471,1142,940,1130.3333333333333,
2015-05-01,Maharashtra,Nasik,Malegaon,onion,27116,363,1439,1086,1086.0,
2015-06-01,Maharashtra,Nasik,Malegaon,onion,80965,509,1798,1487,1034.3333333333333,
2015-07-01,Maharashtra,Nasik,Malegaon,onion,66576,824,2444,2149,1171.0,
2015-08-01,Maharashtra,Nasik,Malegaon,onion,28389,1513,4641,3991,1574.0,
2015-09-01,Maharashtra,Nasik,Malegaon,onion,19285,1266,4328,3694,2542.3333333333335,1106
2015-10-01,Maharashtra,Nasik,Malegaon,onion,65211,598,3348,2726,3278.0,1289
2015-11-01,Maharashtra,Nasik,Malegaon,onion,148127,553,2487,1782,3470.3333333333335,1347
2015-12-01,Maharashtra,Nasik,Malegaon,onion,192125,413,1588,1096,2734.0,1335
2016-01-01,Maharashtra,Nasik,Malegaon,onion,229547,325,1338,949,1868.0,1073
2016-02-01,Maharashtra,Nasik,Malegaon,onion,176150,231,955,667,1275.6666666666667,1241
2016-03-01,Maharashtra,Nasik,Malegaon,onion,72985,219,818,674,904.0,1077
2016-04-01,Maharashtra,Nasik,Malegaon,onion,95124,224,818,623,763.3333333333334,940
2016-05-01,Maharashtra,Nasik,Malegaon,onion,93839,204,802,567,654.6666666666666,1086
2016-06-01,Maharashtra,Nasik,Malegaon,onion,84196,221,910,644,621.3333333333334,1487
2016-07-01,Maharashtra,Nasik,Malegaon,onion,12618,284,821,659,611.3333333333334,2149
2016-08-01,Maharashtra,Nasik,Malegaon,onion,79436,231,736,596,623.3333333333334,3991
2016-09-01,Maharashtra,Nasik,Malegaon,onion,65600,148,538,360,633.0,3694
2016-10-01,Maharashtra,Nasik,Malegaon,onion,41000,155,694,515,538.3333333333334,2726
2016-11-01,Maharashtra,Nasik,Malegaon,onion,57922,407,1518,1050,490.3333333333333,1782
2014-09-01,Maharashtra,Nasik,Manmad,onion,114337,356,1708,1351,,
2014-10-01,Maharashtra,Nasik,Manmad,onion,46482,512,1768,1414,,
2014-11-01,Maharashtra,Nasik,Manmad,onion,46107,733,1633,1439,,
2014-12-01,Maharashtra,Nasik,Manmad,onion,204871,697,1645,1451,1401.3333333333333,
2015-01-01,Maharashtra,Nasik,Manmad,onion,264252,446,1403,1228,1434.6666666666667,
2015-02-01,Maharashtra,Nasik,Manmad,onion,231359,422,1500,1369,1372.6666666666667,
2015-03-01,Maharashtra,Nasik,Manmad,onion,189910,517,1329,1158,1349.3333333333333,
2015-04-01,Maharashtra,Nasik,Manmad,onion,135032,356,1250,1038,1251.6666666666667,
2015-05-01,Maharashtra,Nasik,Manmad,onion,101652,459,1576,1167,1188.3333333333333,
2015-06-01,Maharashtra,Nasik,Manmad,onion,94255,600,1887,1415,1121.0,
2015-07-01,Maharashtra,Nasik,Manmad,onion,50382,923,2396,2113,1206.6666666666667,
2015-08-01,Maharashtra,Nasik,Manmad,onion,22080,1964,4678,4194,1565.0,
2015-09-01,Maharashtra,Nasik,Manmad,onion,7913,1945,4457,3919,2574.0,1351
2015-10-01,Maharashtra,Nasik,Manmad,onion,25563,1338,3142,2700,3408.6666666666665,1414
2015-11-01,Maharashtra,Nasik,Manmad,onion,119684,901,2374,1823,3604.3333333333335,1439
2015-12-01,Maharashtra,Nasik,Manmad,onion,255719,619,1491,1188,2814.0,1451
2016-01-01,Maharashtra,Nasik,Manmad,onion,263105,584,1355,1104,1903.6666666666667,1228
2016-02-01,Maharashtra,Nasik,Manmad,onion,217657,406,923,716,1371.6666666666667,1369
2016-03-01,Maharashtra,Nasik,Manmad,onion,118702,382,796,674,1002.6666666666666,1158
2016-04-01,Maharashtra,Nasik,Manmad,onion,118344,339,865,729,831.3333333333334,1038
2016-05-01,Maharashtra,Nasik,Manmad,onion,126271,300,866,697,706.3333333333334,1167
2016-06-01,Maharashtra,Nasik,Manmad,onion,99639,311,942,731,700.0,1415
2016-07-01,Maharashtra,Nasik,Manmad,onion,17541,378,895,726,719.0,2113
2016-08-01,Maharashtra,Nasik,Manmad,onion,70059,294,815,657,718.0,4194
2016-09-01,Maharashtra,Nasik,Manmad,onion,74400,149,552,349,704.6666666666666,3919
2016-10-01,Maharashtra,Nasik,Manmad,onion,57077,202,722,546,577.3333333333334,2700
2016-11-01,Maharashtra,Nasik,Manmad,onion,54095,329,1054,776,517.3333333333334,1823
2014-09-01,Maharashtra,Nasik,Nandgaon,onion,50490,525,1787,1338,,
2014-10-01,Maharashtra,Nasik,Nandgaon,onion,5440,778,1755,1521,,
2014-11-01,Maharashtra,Nasik,Nandgaon,onion,5533,698,1608,1413,,
2014-12-01,Maharashtra,Nasik,Nandgaon,onion,65040,690,1618,1396,1424.0,
2015-09-01,Maharashtra,Nasik,Nandgaon,onion,8982,1440,4415,3942,1443.3333333333333,1338
2015-10-01,Maharashtra,Nasik,Nandgaon,onion,16163,990,2974,2564,2250.3333333333335,1521
2015-11-01,Maharashtra,Nasik,Nandgaon,onion,58484,705,2091,1684,2634.0,1413
2015-12-01,Maharashtra,Nasik,Nandgaon,onion,142215,530,1485,1164,2730.0,1396
2016-01-01,Maharashtra,Nasik,Nandgaon,onion,184320,493,1388,1026,1804.0,
2016-02-01,Maharashtra,Nasik,Nandgaon,onion,186008,323,986,715,1291.3333333333333,
2016-03-01,Maharashtra,Nasik,Nandgaon,onion,54487,308,816,680,968.3333333333334,
2016-05-01,Maharashtra,Nasik,Nandgaon,onion,58340,164,823,640,807.0,
2016-06-01,Maharashtra,Nasik,Nandgaon,onion,35936,220,886,682,678.3333333333334,
2016-07-01,Maharashtra,Nasik,Nandgaon,onion,6110,372,822,708,667.3333333333334,
2016-08-01,Maharashtra,Nasik,Nandgaon,onion,17198,231,736,584,676.6666666666666,
2016-09-01,Maharashtra,Nasik,Nandgaon,onion,25760,109,548,372,658.0,3942
2016-10-01,Maharashtra,Nasik,Nandgaon,onion,28379,170,750,541,554.6666666666666,2564
2014-09-01,Maharashtra,Nasik,Nashik,onion,22666,238,1716,1381,,
2014-11-01,Maharashtra,Nasik,Nashik,onion,14315,346,1838,1563,,
2014-12-01,Maharashtra,Nasik,Nashik,onion,20888,323,1798,1569,,
2015-01-01,Maharashtra,Nasik,Nashik,onion,18357,183,1558,1275,1504.3333333333333,
2015-02-01,Maharashtra,Nasik,Nashik,onion,10673,540,1790,1540,1469.0,
2015-03-01,Maharashtra,Nasik,Nashik,onion,3261,525,1550,1300,1461.3333333333333,
2015-04-01,Maharashtra,Nasik,Nashik,onion,2927,200,1200,900,1371.6666666666667,
2015-11-01,Maharashtra,Nasik,Nashik,onion,16883,811,2578,1856,1246.6666666666667,1563
2015-12-01,Maharashtra,Nasik,Nashik,onion,68707,768,1551,1150,1352.0,1569
2016-01-01,Maharashtra,Nasik,Nashik,onion,73380,372,1476,1160,1302.0,1275
2016-02-01,Maharashtra,Nasik,Nashik,onion,55352,187,1065,705,1388.6666666666667,1540
2016-03-01,Maharashtra,Nasik,Nashik,onion,46722,153,891,571,1005.0,1300
2016-04-01,Maharashtra,Nasik,Nashik,onion,55538,169,857,617,812.0,900
2016-05-01,Maharashtra,Nasik,Nashik,onion,83236,163,808,509,631.0,
2016-06-01,Maharashtra,Nasik,Nashik,onion,73925,210,945,533,565.6666666666666,
2016-07-01,Maharashtra,Nasik,Nashik,onion,89795,181,877,491,553.0,
2016-08-01,Maharashtra,Nasik,Nashik,onion,87529,170,793,504,511.0,
2016-09-01,Maharashtra,Nasik,Nashik,onion,36803,149,617,436,509.3333333333333,
2016-10-01,Maharashtra,Nasik,Nashik,onion,50372,159,747,479,477.0,
2016-11-01,Maharashtra,Nasik,Nashik,onion,26768,199,1026,513,473.0,1856
2014-09-01,Maharashtra,Ahmadnagar,Rahata,onion,73883,440,2070,1405,,
2014-10-01,Maharashtra,Ahmadnagar,Rahata,onion,24246,445,2163,1338,,
2014-11-01,Maharashtra,Ahmadnagar,Rahata,onion,18823,490,2100,1440,,
2014-12-01,Maharashtra,Ahmadnagar,Rahata,onion,24029,429,1871,1321,1394.3333333333333,
2015-01-01,Maharashtra,Ahmadnagar,Rahata,onion,59184,315,1685,1180,1366.3333333333333,
2015-02-01,Maharashtra,Ahmadnagar,Rahata,onion,69717,450,1923,1409,1313.6666666666667,
2015-03-01,Maharashtra,Ahmadnagar,Rahata,onion,89439,375,1529,1056,1303.3333333333333,
2015-04-01,Maharashtra,Ahmadnagar,Rahata,onion,107650,222,1467,906,1215.0,
2015-05-01,Maharashtra,Ahmadnagar,Rahata,onion,100414,355,1991,1277,1123.6666666666667,
2015-06-01,Maharashtra,Ahmadnagar,Rahata,onion,123380,536,2515,1700,1079.6666666666667,
2015-07-01,Maharashtra,Ahmadnagar,Rahata,onion,72618,831,2869,2050,1294.3333333333333,
2015-08-01,Maharashtra,Ahmadnagar,Rahata,onion,31658,1600,5192,3900,1675.6666666666667,
2015-09-01,Maharashtra,Ahmadnagar,Rahata,onion,8124,1718,5218,3955,2550.0,1405
2015-10-01,Maharashtra,Ahmadnagar,Rahata,onion,3146,700,3413,2263,3301.6666666666665,1338
2015-11-01,Maharashtra,Ahmadnagar,Rahata,onion,22562,636,2968,1682,3372.6666666666665,1440
2015-12-01,Maharashtra,Ahmadnagar,Rahata,onion,89151,442,2173,1342,2633.3333333333335,1321
2016-01-01,Maharashtra,Ahmadnagar,Rahata,onion,149286,427,1986,1223,1762.3333333333333,1180
2016-02-01,Maharashtra,Ahmadnagar,Rahata,onion,97034,208,1292,875,1415.6666666666667,1409
2016-03-01,Maharashtra,Ahmadnagar,Rahata,onion,46020,154,919,631,1146.6666666666667,1056
2016-04-01,Maharashtra,Ahmadnagar,Rahata,onion,64671,100,925,619,909.6666666666666,906
2016-05-01,Maharashtra,Ahmadnagar,Rahata,onion,79432,133,1015,679,708.3333333333334,1277
2016-06-01,Maharashtra,Ahmadnagar,Rahata,onion,113828,200,1329,779,643.0,1700
2016-07-01,Maharashtra,Ahmadnagar,Rahata,onion,179784,200,1167,760,692.3333333333334,2050
2016-08-01,Maharashtra,Ahmadnagar,Rahata,onion,189428,189,982,621,739.3333333333334,3900
2016-09-01,Maharashtra,Ahmadnagar,Rahata,onion,66737,133,917,517,720.0,3955
2016-10-01,Maharashtra,Ahmadnagar,Rahata,onion,44007,100,1040,610,632.6666666666666,2263
2016-11-01,Maharashtra,Ahmadnagar,Rahata,onion,44746,163,1263,656,582.6666666666666,1682
2014-09-01,Maharashtra,Ahmadnagar,Rahuri,onion,180291,169,2085,1148,,
2014-10-01,Maharashtra,Ahmadnagar,Rahuri,onion,85315,167,2189,1156,,
2014-11-01,Maharashtra,Ahmadnagar,Rahuri,onion,71091,167,1992,1083,,
2014-12-01,Maharashtra,Ahmadnagar,Rahuri,onion,55585,136,2014,1079,1129.0,
2015-01-01,Maharashtra,Ahmadnagar,Rahuri,onion,77845,114,1657,882,1106.0,
2015-02-01,Maharashtra,Ahmadnagar,Rahuri,onion,50398,109,1864,995,1014.6666666666666,
2015-03-01,Maharashtra,Ahmadnagar,Rahuri,onion,100820,173,1445,805,985.3333333333334,
2015-04-01,Maharashtra,Ahmadnagar,Rahuri,onion,123030,100,1389,739,894.0,
2015-05-01,Maharashtra,Ahmadnagar,Rahuri,onion,152712,123,1738,908,846.3333333333334,
2015-06-01,Maharashtra,Ahmadnagar,Rahuri,onion,132035,206,2283,1213,817.3333333333334,
2015-07-01,Maharashtra,Ahmadnagar,Rahuri,onion,118402,215,2804,1466,953.3333333333334,
2015-08-01,Maharashtra,Ahmadnagar,Rahuri,onion,50728,738,4405,2405,1195.6666666666667,
2015-11-01,Maharashtra,Ahmadnagar,Rahuri,onion,4270,200,2500,1410,1694.6666666666667,1083
2015-12-01,Maharashtra,Ahmadnagar,Rahuri,onion,117887,192,1890,1123,1760.3333333333333,1079
2016-01-01,Maharashtra,Ahmadnagar,Rahuri,onion,128044,200,1758,1037,1646.0,882
2016-02-01,Maharashtra,Ahmadnagar,Rahuri,onion,46740,200,1365,801,1190.0,995
2016-03-01,Maharashtra,Ahmadnagar,Rahuri,onion,54528,100,919,519,987.0,805
2016-05-01,Maharashtra,Ahmadnagar,Rahuri,onion,178293,223,963,627,785.6666666666666,908
2016-06-01,Maharashtra,Ahmadnagar,Rahuri,onion,171366,327,1136,855,649.0,1213
2016-07-01,Maharashtra,Ahmadnagar,Rahuri,onion,163461,300,1011,742,667.0,1466
2016-08-01,Maharashtra,Ahmadnagar,Rahuri,onion,231001,264,973,686,741.3333333333334,2405
2016-09-01,Maharashtra,Ahmadnagar,Rahuri,onion,87524,200,927,603,761.0,
2016-11-01,Maharashtra,Ahmadnagar,Rahuri,onion,104720,331,1181,788,677.0,1410
2014-09-01,Maharashtra,Ahmadnagar,Sangamner,onion,31910,500,2239,1370,,
2014-10-01,Maharashtra,Ahmadnagar,Sangamner,onion,14694,500,2247,1371,,
2014-11-01,Maharashtra,Ahmadnagar,Sangamner,onion,57264,500,2157,1333,,
2014-12-01,Maharashtra,Ahmadnagar,Sangamner,onion,99039,500,2282,1391,1358.0,
2015-01-01,Maharashtra,Ahmadnagar,Sangamner,onion,182627,500,1844,1914,1365.0,
2015-02-01,Maharashtra,Ahmadnagar,Sangamner,onion,68238,500,2062,1281,1546.0,
2015-03-01,Maharashtra,Ahmadnagar,Sangamner,onion,265444,428,1588,1007,1528.6666666666667,
2015-04-01,Maharashtra,Ahmadnagar,Sangamner,onion,288591,362,1470,908,1400.6666666666667,
2015-05-01,Maharashtra,Ahmadnagar,Sangamner,onion,211444,500,2004,1241,1065.3333333333333,
2015-06-01,Maharashtra,Ahmadnagar,Sangamner,onion,102988,500,2397,1453,1052.0,
2015-07-01,Maharashtra,Ahmadnagar,Sangamner,onion,43228,625,2888,1752,1200.6666666666667,
2015-08-01,Maharashtra,Ahmadnagar,Sangamner,onion,13413,1708,5265,3487,1482.0,
2015-09-01,Maharashtra,Ahmadnagar,Sangamner,onion,4049,1571,4844,3195,2230.6666666666665,1370
2015-10-01,Maharashtra,Ahmadnagar,Sangamner,onion,44769,1179,4149,3133,2811.3333333333335,1371
2015-11-01,Maharashtra,Ahmadnagar,Sangamner,onion,132033,800,3631,2720,3271.6666666666665,1333
2015-12-01,Maharashtra,Ahmadnagar,Sangamner,onion,142336,500,2216,1561,3016.0,1391
2016-01-01,Maharashtra,Ahmadnagar,Sangamner,onion,117471,500,1853,1312,2471.3333333333335,1914
2016-02-01,Maharashtra,Ahmadnagar,Sangamner,onion,133913,425,1276,1028,1864.3333333333333,1281
2016-03-01,Maharashtra,Ahmadnagar,Sangamner,onion,171848,308,991,749,1300.3333333333333,1007
2016-04-01,Maharashtra,Ahmadnagar,Sangamner,onion,195815,300,1017,757,1029.6666666666667,908
2016-05-01,Maharashtra,Ahmadnagar,Sangamner,onion,154009,300,1025,725,844.6666666666666,1241
2016-06-01,Maharashtra,Ahmadnagar,Sangamner,onion,114879,304,1296,870,743.6666666666666,1453
2016-07-01,Maharashtra,Ahmadnagar,Sangamner,onion,80354,300,1194,817,784.0,1752
2016-08-01,Maharashtra,Ahmadnagar,Sangamner,onion,99174,300,1117,753,804.0,3487
2016-09-01,Maharashtra,Ahmadnagar,Sangamner,onion,53524,257,933,653,813.3333333333334,3195
2016-10-01,Maharashtra,Ahmadnagar,Sangamner,onion,46458,267,984,714,741.0,3133
2016-11-01,Maharashtra,Ahmadnagar,Sangamner,onion,101385,373,1597,1041,706.6666666666666,2720
2014-09-01,Maharashtra,Nasik,Satana,onion,35220,995,1873,1495,,
2014-10-01,Maharashtra,Nasik,Satana,onion,42565,800,1926,1400,,
2014-11-01,Maharashtra,Nasik,Satana,onion,12321,888,1969,1388,,
2014-12-01,Maharashtra,Nasik,Satana,onion,12182,788,1863,1350,1427.6666666666667,
2015-02-01,Maharashtra,Nasik,Satana,onion,15935,810,1554,1140,1379.3333333333333,
2015-03-01,Maharashtra,Nasik,Satana,onion,27975,805,1405,1020,1292.6666666666667,
2015-06-01,Maharashtra,Nasik,Satana,onion,118154,830,2073,1479,1170.0,
2015-07-01,Maharashtra,Nasik,Satana,onion,155901,1068,2510,1984,1213.0,
2015-08-01,Maharashtra,Nasik,Satana,onion,83998,2169,4625,3869,1494.3333333333333,
2015-09-01,Maharashtra,Nasik,Satana,onion,67407,2347,4931,4318,2444.0,1495
2015-10-01,Maharashtra,Nasik,Satana,onion,60950,1690,3737,2954,3390.3333333333335,1400
2015-11-01,Maharashtra,Nasik,Satana,onion,64293,974,3158,2327,3713.6666666666665,1388
2015-12-01,Maharashtra,Nasik,Satana,onion,138236,382,1670,1145,3199.6666666666665,1350
2016-01-01,Maharashtra,Nasik,Satana,onion,143392,430,1360,977,2142.0,
2016-02-01,Maharashtra,Nasik,Satana,onion,171704,248,1053,767,1483.0,1140
2016-03-01,Maharashtra,Nasik,Satana,onion,78242,268,813,650,963.0,1020
2016-04-01,Maharashtra,Nasik,Satana,onion,104036,426,816,685,798.0,
2016-05-01,Maharashtra,Nasik,Satana,onion,114145,273,845,693,700.6666666666666,
2016-06-01,Maharashtra,Nasik,Satana,onion,141692,284,972,778,676.0,1479
2016-07-01,Maharashtra,Nasik,Satana,onion,25362,275,1001,801,718.6666666666666,1984
2016-08-01,Maharashtra,Nasik,Satana,onion,98063,225,808,640,757.3333333333334,3869
2016-09-01,Maharashtra,Nasik,Satana,onion,159714,178,605,449,739.6666666666666,4318
2016-10-01,Maharashtra,Nasik,Satana,onion,150594,193,885,638,630.0,2954
2016-11-01,Maharashtra,Nasik,Satana,onion,98580,250,1131,843,575.6666666666666,2327
2014-09-01,Maharashtra,Ahmadnagar,Shrirampur,onion,110326,258,2000,1496,,
2014-10-01,Maharashtra,Ahmadnagar,Shrirampur,onion,49622,259,2000,1495,,
2014-11-01,Maharashtra,Ahmadnagar,Shrirampur,onion,20245,282,1782,1414,,
2014-12-01,Maharashtra,Ahmadnagar,Shrirampur,onion,3222,271,1761,1364,1468.3333333333333,
2015-01-01,Maharashtra,Ahmadnagar,Shrirampur,onion,12291,209,1534,1164,1424.3333333333333,
2015-02-01,Maharashtra,Ahmadnagar,Shrirampur,onion,8630,260,1805,1390,1314.0,
2015-03-01,Maharashtra,Ahmadnagar,Shrirampur,onion,50967,262,1446,1096,1306.0,
2015-04-01,Maharashtra,Ahmadnagar,Shrirampur,onion,104438,200,1395,1032,1216.6666666666667,
2015-05-01,Maharashtra,Ahmadnagar,Shrirampur,onion,102657,192,1735,1208,1172.6666666666667,
2015-06-01,Maharashtra,Ahmadnagar,Shrirampur,onion,122852,309,2223,1577,1112.0,
2015-07-01,Maharashtra,Ahmadnagar,Shrirampur,onion,72862,633,2831,2006,1272.3333333333333,
2015-08-01,Maharashtra,Ahmadnagar,Shrirampur,onion,55705,1675,5300,4088,1597.0,
2015-09-01,Maharashtra,Ahmadnagar,Shrirampur,onion,16129,1656,4888,3975,2557.0,1496
2015-10-01,Maharashtra,Ahmadnagar,Shrirampur,onion,3545,1114,4171,3286,3356.3333333333335,1495
2015-11-01,Maharashtra,Ahmadnagar,Shrirampur,onion,5468,713,3106,2238,3783.0,1414
2015-12-01,Maharashtra,Ahmadnagar,Shrirampur,onion,20112,369,1900,1344,3166.3333333333335,1364
2016-01-01,Maharashtra,Ahmadnagar,Shrirampur,onion,27479,263,1751,1313,2289.3333333333335,1164
2016-02-01,Maharashtra,Ahmadnagar,Shrirampur,onion,47803,178,1208,861,1631.6666666666667,1390
2016-03-01,Maharashtra,Ahmadnagar,Shrirampur,onion,45044,161,961,628,1172.6666666666667,1096
2016-04-01,Maharashtra,Ahmadnagar,Shrirampur,onion,90310,100,944,625,934.0,1032
2016-05-01,Maharashtra,Ahmadnagar,Shrirampur,onion,120316,118,948,659,704.6666666666666,1208
2016-06-01,Maharashtra,Ahmadnagar,Shrirampur,onion,213787,188,1119,773,637.3333333333334,1577
2016-07-01,Maharashtra,Ahmadnagar,Shrirampur,onion,179762,240,1048,765,685.6666666666666,2006
2016-08-01,Maharashtra,Ahmadnagar,Shrirampur,onion,206866,192,942,679,732.3333333333334,4088
2016-09-01,Maharashtra,Ahmadnagar,Shrirampur,onion,107557,150,850,583,739.0,3975
2016-10-01,Maharashtra,Ahmadnagar,Shrirampur,onion,76155,100,1000,670,675.6666666666666,3286
2016-11-01,Maharashtra,Ahmadnagar,Shrirampur,onion,61901,200,1231,800,644.0,2238
2014-09-01,Maharashtra,Nasik,Yeola,onion,134594,270,1732,1208,,
2014-10-01,Maharashtra,Nasik,Yeola,onion,61325,287,1662,1273,,
2014-11-01,Maharashtra,Nasik,Yeola,onion,46501,475,1623,1339,,
2014-12-01,Maharashtra,Nasik,Yeola,onion,222889,446,1638,1457,1273.3333333333333,
2015-01-01,Maharashtra,Nasik,Yeola,onion,341431,368,1374,1178,1356.3333333333333,
2015-02-01,Maharashtra,Nasik,Yeola,onion,458402,482,1530,1381,1324.6666666666667,
2015-03-01,Maharashtra,Nasik,Yeola,onion,293275,404,1370,1195,1338.6666666666667,
2015-04-01,Maharashtra,Nasik,Yeola,onion,206419,348,1305,1008,1251.3333333333333,
2015-05-01,Maharashtra,Nasik,Yeola,onion,148908,328,1574,1128,1194.6666666666667,
2015-06-01,Maharashtra,Nasik,Yeola,onion,151526,501,1885,1489,1110.3333333333333,
2015-07-01,Maharashtra,Nasik,Yeola,onion,113713,850,2457,2122,1208.3333333333333,
2015-08-01,Maharashtra,Nasik,Yeola,onion,60752,1539,4840,4179,1579.6666666666667,
2015-09-01,Maharashtra,Nasik,Yeola,onion,39391,1743,4716,4111,2596.6666666666665,1208
2015-10-01,Maharashtra,Nasik,Yeola,onion,24423,1087,3602,3018,3470.6666666666665,1273
2015-11-01,Maharashtra,Nasik,Yeola,onion,62522,1003,2460,2043,3769.3333333333335,1339
2015-12-01,Maharashtra,Nasik,Yeola,onion,298775,603,1450,1148,3057.3333333333335,1457
2016-01-01,Maharashtra,Nasik,Yeola,onion,437432,437,1272,1034,2069.6666666666665,1178
2016-02-01,Maharashtra,Nasik,Yeola,onion,351421,344,942,720,1408.3333333333333,1381
2016-03-01,Maharashtra,Nasik,Yeola,onion,117360,341,763,666,967.3333333333334,1195
2016-04-01,Maharashtra,Nasik,Yeola,onion,116744,285,801,650,806.6666666666666,1008
2016-05-01,Maharashtra,Nasik,Yeola,onion,139103,214,842,639,678.6666666666666,1128
2016-06-01,Maharashtra,Nasik,Yeola,onion,137707,231,923,734,651.6666666666666,1489
2016-07-01,Maharashtra,Nasik,Yeola,onion,43337,266,933,774,674.3333333333334,2122
2016-08-01,Maharashtra,Nasik,Yeola,onion,142338,246,801,619,715.6666666666666,4179
2016-09-01,Maharashtra,Nasik,Yeola,onion,133500,125,586,348,709.0,4111
2016-10-01,Maharashtra,Nasik,Yeola,onion,130880,180,757,493,580.3333333333334,3018
2016-11-01,Maharashtra,Nasik,Yeola,onion,44794,214,794,578,486.6666666666667,2043
2014-11-01,Maharashtra,Ahmadnagar,Ahmednagar,soyabean,1013,2856,3217,3036,,
2015-01-01,Maharashtra,Ahmadnagar,Ahmednagar,soyabean,84,3100,3314,3207,,
2015-04-01,Maharashtra,Ahmadnagar,Ahmednagar,soyabean,12,2900,3400,3150,,
2015-09-01,Maharashtra,Ahmadnagar,Ahmednagar,soyabean,29,3200,3475,3338,3131.0,
2015-10-01,Maharashtra,Ahmadnagar,Ahmednagar,soyabean,2534,3347,3741,3566,3231.6666666666665,
2015-11-01,Maharashtra,Ahmadnagar,Ahmednagar,soyabean,598,3410,3725,3568,3351.3333333333335,3036
2015-12-01,Maharashtra,Ahmadnagar,Ahmednagar,soyabean,17,2700,3550,3125,3490.6666666666665,
2016-01-01,Maharashtra,Ahmadnagar,Ahmednagar,soyabean,16,3363,3513,3454,3419.6666666666665,3207
2016-02-01,Maharashtra,Ahmadnagar,Ahmednagar,soyabean,8,3300,3650,3490,3382.3333333333335,
2016-04-01,Maharashtra,Ahmadnagar,Ahmednagar,soyabean,20,2200,3900,3603,3356.3333333333335,3150
2016-05-01,Maharashtra,Ahmadnagar,Ahmednagar,soyabean,5,3700,3900,3750,3515.6666666666665,
2016-10-01,Maharashtra,Ahmadnagar,Ahmednagar,soyabean,3308,2206,2870,2560,3614.3333333333335,3566
2016-11-01,Maharashtra,Ahmadnagar,Ahmednagar,soyabean,2197,2075,2786,2458,3304.3333333333335,3568
2014-09-01,Maharashtra,Ahmadnagar,Kopargaon,soyabean,216,2954,3247,3138,,
2014-10-01,Maharashtra,Ahmadnagar,Kopargaon,soyabean,819,2837,3056,2989,,
2014-11-01,Maharashtra,Ahmadnagar,Kopargaon,soyabean,2563,3016,3289,3216,,
2014-12-01,Maharashtra,Ahmadnagar,Kopargaon,soyabean,1507,2945,3247,3199,3114.3333333333335,
2015-01-01,Maharashtra,Ahmadnagar,Kopargaon,soyabean,1058,2898,3267,3233,3134.6666666666665,
2015-02-01,Maharashtra,Ahmadnagar,Kopargaon,soyabean,710,2979,3208,3186,3216.0,
2015-03-01,Maharashtra,Ahmadnagar,Kopargaon,soyabean,631,2820,3194,3160,3206.0,
2015-04-01,Maharashtra,Ahmadnagar,Kopargaon,soyabean,329,3244,3590,3517,3193.0,
2015-05-01,Maharashtra,Ahmadnagar,Kopargaon,soyabean,379,3213,3781,3729,3287.6666666666665,
2015-06-01,Maharashtra,Ahmadnagar,Kopargaon,soyabean,426,3186,3457,3395,3468.6666666666665,
2015-07-01,Maharashtra,Ahmadnagar,Kopargaon,soyabean,220,2996,3308,3255,3547.0,
2015-08-01,Maharashtra,Ahmadnagar,Kopargaon,soyabean,95,2983,3136,3110,3459.6666666666665,
2015-09-01,Maharashtra,Ahmadnagar,Kopargaon,soyabean,187,3011,3242,3217,3253.3333333333335,3138
2015-10-01,Maharashtra,Ahmadnagar,Kopargaon,soyabean,1208,3175,3723,3684,3194.0,2989
2015-11-01,Maharashtra,Ahmadnagar,Kopargaon,soyabean,421,3271,3701,3678,3337.0,3216
2015-12-01,Maharashtra,Ahmadnagar,Kopargaon,soyabean,542,3065,3626,3594,3526.3333333333335,3199
2016-01-01,Maharashtra,Ahmadnagar,Kopargaon,soyabean,364,3032,3647,3591,3652.0,3233
2016-02-01,Maharashtra,Ahmadnagar,Kopargaon,soyabean,246,3360,3618,3594,3621.0,3186
2016-03-01,Maharashtra,Ahmadnagar,Kopargaon,soyabean,191,3365,3675,3638,3593.0,3160
2016-04-01,Maharashtra,Ahmadnagar,Kopargaon,soyabean,175,3728,3950,3893,3607.6666666666665,3517
2016-05-01,Maharashtra,Ahmadnagar,Kopargaon,soyabean,382,3319,3856,3812,3708.3333333333335,3729
2016-06-01,Maharashtra,Ahmadnagar,Kopargaon,soyabean,339,3373,3752,3671,3781.0,3395
2016-07-01,Maharashtra,Ahmadnagar,Kopargaon,soyabean,12,3437,3687,3637,3792.0,3255
2016-08-01,Maharashtra,Ahmadnagar,Kopargaon,soyabean,400,3078,3357,3298,3706.6666666666665,3110
2016-09-01,Maharashtra,Ahmadnagar,Kopargaon,soyabean,98,2834,3077,3052,3535.3333333333335,3217
2016-10-01,Maharashtra,Ahmadnagar,Kopargaon,soyabean,2170,2576,2846,2788,3329.0,3684
2016-11-01,Maharashtra,Ahmadnagar,Kopargaon,soyabean,3952,2466,2747,2705,3046.0,3678
2014-09-01,Maharashtra,Nasik,Lasalgaon,soyabean,925,1954,3507,3431,,
2014-10-01,Maharashtra,Nasik,Lasalgaon,soyabean,915,2111,3266,3147,,
2014-11-01,Maharashtra,Nasik,Lasalgaon,soyabean,8418,1900,3408,3362,,
2014-12-01,Maharashtra,Nasik,Lasalgaon,soyabean,7836,1713,3336,3289,3313.3333333333335,
2015-01-01,Maharashtra,Nasik,Lasalgaon,soyabean,4206,2562,3402,3357,3266.0,
2015-02-01,Maharashtra,Nasik,Lasalgaon,soyabean,2429,2333,3365,3329,3336.0,
2015-03-01,Maharashtra,Nasik,Lasalgaon,soyabean,376,2000,3305,3281,3325.0,
2015-04-01,Maharashtra,Nasik,Lasalgaon,soyabean,4425,2893,3750,3691,3322.3333333333335,
2015-05-01,Maharashtra,Nasik,Lasalgaon,soyabean,6734,2789,3956,3881,3433.6666666666665,
2015-06-01,Maharashtra,Nasik,Lasalgaon,soyabean,4258,2478,3651,3574,3617.6666666666665,
2015-07-01,Maharashtra,Nasik,Lasalgaon,soyabean,1998,2980,3517,3477,3715.3333333333335,
2015-08-01,Maharashtra,Nasik,Lasalgaon,soyabean,978,2756,3362,3323,3644.0,
2015-09-01,Maharashtra,Nasik,Lasalgaon,soyabean,834,2841,3451,3403,3458.0,3431
2015-10-01,Maharashtra,Nasik,Lasalgaon,soyabean,8716,2311,3787,3742,3401.0,3147
2015-11-01,Maharashtra,Nasik,Lasalgaon,soyabean,6583,2744,3796,3744,3489.3333333333335,3362
2015-12-01,Maharashtra,Nasik,Lasalgaon,soyabean,4528,2410,3712,3674,3629.6666666666665,3289
2016-01-01,Maharashtra,Nasik,Lasalgaon,soyabean,2020,2846,3771,3731,3720.0,3357
2016-02-01,Maharashtra,Nasik,Lasalgaon,soyabean,2439,2525,3740,3709,3716.3333333333335,3329
2016-03-01,Maharashtra,Nasik,Lasalgaon,soyabean,2218,2468,3768,3730,3704.6666666666665,3281
2016-04-01,Maharashtra,Nasik,Lasalgaon,soyabean,3891,2513,4096,4014,3723.3333333333335,3691
2016-05-01,Maharashtra,Nasik,Lasalgaon,soyabean,4005,2324,3997,3947,3817.6666666666665,3881
2016-06-01,Maharashtra,Nasik,Lasalgaon,soyabean,2684,2205,3896,3849,3897.0,3574
2016-07-01,Maharashtra,Nasik,Lasalgaon,soyabean,575,2515,3678,3625,3936.6666666666665,3477
2016-08-01,Maharashtra,Nasik,Lasalgaon,soyabean,2249,2282,3531,3444,3807.0,3323
2016-09-01,Maharashtra,Nasik,Lasalgaon,soyabean,1395,2321,3274,3213,3639.3333333333335,3403
2016-10-01,Maharashtra,Nasik,Lasalgaon,soyabean,537,2461,3155,3044,3427.3333333333335,3742
2016-11-01,Maharashtra,Nasik,Lasalgaon,soyabean,9810,2246,2845,2768,3233.6666666666665,3744
2015-04-01,Maharashtra,Nasik,Lasalgaon-Vinchur,soyabean,1777,2686,3738,3671,,
2015-05-01,Maharashtra,Nasik,Lasalgaon-Vinchur,soyabean,2708,2329,3965,3818,,
2015-06-01,Maharashtra,Nasik,Lasalgaon-Vinchur,soyabean,1429,2198,3645,3524,,
2015-07-01,Maharashtra,Nasik,Lasalgaon-Vinchur,soyabean,524,2689,3502,3424,3671.0,
2015-08-01,Maharashtra,Nasik,Lasalgaon-Vinchur,soyabean,235,2458,3331,3263,3588.6666666666665,
2015-09-01,Maharashtra,Nasik,Lasalgaon-Vinchur,soyabean,218,2874,3426,3330,3403.6666666666665,
2015-10-01,Maharashtra,Nasik,Lasalgaon-Vinchur,soyabean,6999,2048,3829,3708,3339.0,
2015-11-01,Maharashtra,Nasik,Lasalgaon-Vinchur,soyabean,5972,1520,3787,3663,3433.6666666666665,
2015-12-01,Maharashtra,Nasik,Lasalgaon-Vinchur,soyabean,3312,1642,3770,3628,3567.0,
2016-01-01,Maharashtra,Nasik,Lasalgaon-Vinchur,soyabean,2109,1919,3831,3707,3666.3333333333335,
2016-02-01,Maharashtra,Nasik,Lasalgaon-Vinchur,soyabean,998,2446,3763,3658,3666.0,
2016-03-01,Maharashtra,Nasik,Lasalgaon-Vinchur,soyabean,828,2136,3803,3647,3664.3333333333335,
2016-04-01,Maharashtra,Nasik,Lasalgaon-Vinchur,soyabean,1879,2932,4101,4053,3670.6666666666665,3671
2016-05-01,Maharashtra,Nasik,Lasalgaon-Vinchur,soyabean,1464,2899,3986,3921,3786.0,3818
2016-06-01,Maharashtra,Nasik,Lasalgaon-Vinchur,soyabean,793,3116,3883,3829,3873.6666666666665,3524
2016-07-01,Maharashtra,Nasik,Lasalgaon-Vinchur,soyabean,86,2858,3677,3630,3934.3333333333335,3424
2016-08-01,Maharashtra,Nasik,Lasalgaon-Vinchur,soyabean,507,2615,3457,3400,3793.3333333333335,3263
2016-09-01,Maharashtra,Nasik,Lasalgaon-Vinchur,soyabean,196,2731,3226,3184,3619.6666666666665,3330
2016-10-01,Maharashtra,Nasik,Lasalgaon-Vinchur,soyabean,5202,2235,2919,2819,3404.6666666666665,3708
2016-11-01,Maharashtra,Nasik,Lasalgaon-Vinchur,soyabean,13080,2128,2805,2756,3134.3333333333335,3663
2014-09-01,Maharashtra,Nasik,Malegaon,soyabean,33,3308,3314,3309,,
2014-10-01,Maharashtra,Nasik,Malegaon,soyabean,12,3051,3060,3055,,
2014-11-01,Maharashtra,Nasik,Malegaon,soyabean,34,3226,3325,3250,,
2014-12-01,Maharashtra,Nasik,Malegaon,soyabean,90,3088,3423,3216,3204.6666666666665,
2015-01-01,Maharashtra,Nasik,Malegaon,soyabean,51,3212,3289,3272,3173.6666666666665,
2015-02-01,Maharashtra,Nasik,Malegaon,soyabean,31,3192,3257,3247,3246.0,
2015-03-01,Maharashtra,Nasik,Malegaon,soyabean,13,3166,3206,3181,3245.0,
2015-04-01,Maharashtra,Nasik,Malegaon,soyabean,23,3050,3461,3200,3233.3333333333335,
2015-06-01,Maharashtra,Nasik,Malegaon,soyabean,20,3478,3576,3496,3209.3333333333335,
2015-10-01,Maharashtra,Nasik,Malegaon,soyabean,304,3589,3698,3660,3292.3333333333335,3055
2015-11-01,Maharashtra,Nasik,Malegaon,soyabean,173,3347,3661,3482,3452.0,3250
2015-12-01,Maharashtra,Nasik,Malegaon,soyabean,64,3451,3777,3654,3546.0,3216
2016-01-01,Maharashtra,Nasik,Malegaon,soyabean,55,3436,3618,3565,3598.6666666666665,3272
2016-03-01,Maharashtra,Nasik,Malegaon,soyabean,93,3436,3766,3730,3567.0,3181
2016-06-01,Maharashtra,Nasik,Malegaon,soyabean,2,3726,3726,3726,3649.6666666666665,3496
2016-11-01,Maharashtra,Nasik,Malegaon,soyabean,10,1500,2641,2390,3673.6666666666665,3482
2014-10-01,Maharashtra,Nasik,Nandgaon,soyabean,18,3303,3400,3355,,
2014-12-01,Maharashtra,Nasik,Nandgaon,soyabean,19,3420,3430,3420,,
2015-09-01,Maharashtra,Nasik,Nandgaon,soyabean,3,3350,3350,3350,,
2015-10-01,Maharashtra,Nasik,Nandgaon,soyabean,156,3496,6141,3720,3375.0,3355
2015-11-01,Maharashtra,Nasik,Nandgaon,soyabean,104,3420,3802,3766,3496.6666666666665,
2015-12-01,Maharashtra,Nasik,Nandgaon,soyabean,66,3255,3711,3624,3612.0,3420
2016-01-01,Maharashtra,Nasik,Nandgaon,soyabean,9,3284,3534,3529,3703.3333333333335,
2016-03-01,Maharashtra,Nasik,Nandgaon,soyabean,13,3525,3645,3645,3639.6666666666665,
2014-09-01,Maharashtra,Ahmadnagar,Rahata,soyabean,1,3300,3300,3300,,
2014-10-01,Maharashtra,Ahmadnagar,Rahata,soyabean,108,2875,3013,2950,,
2014-11-01,Maharashtra,Ahmadnagar,Rahata,soyabean,558,3048,3244,3145,,
2014-12-01,Maharashtra,Ahmadnagar,Rahata,soyabean,268,3063,3205,3119,3131.6666666666665,
2015-01-01,Maharashtra,Ahmadnagar,Rahata,soyabean,135,3184,3249,3201,3071.3333333333335,
2015-02-01,Maharashtra,Ahmadnagar,Rahata,soyabean,242,3074,3169,3117,3155.0,
2015-03-01,Maharashtra,Ahmadnagar,Rahata,soyabean,235,3117,3139,3124,3145.6666666666665,
2015-04-01,Maharashtra,Ahmadnagar,Rahata,soyabean,93,3382,3407,3391,3147.3333333333335,
2015-05-01,Maharashtra,Ahmadnagar,Rahata,soyabean,40,3530,3710,3530,3210.6666666666665,
2015-06-01,Maharashtra,Ahmadnagar,Rahata,soyabean,23,3338,3350,3338,3348.3333333333335,
2015-07-01,Maharashtra,Ahmadnagar,Rahata,soyabean,22,3185,3255,3185,3419.6666666666665,
2015-09-01,Maharashtra,Ahmadnagar,Rahata,soyabean,37,3135,3135,3135,3351.0,3300
2015-10-01,Maharashtra,Ahmadnagar,Rahata,soyabean,744,3300,3549,3441,3219.3333333333335,2950
2015-11-01,Maharashtra,Ahmadnagar,Rahata,soyabean,123,3525,3603,3553,3253.6666666666665,3145
2015-12-01,Maharashtra,Ahmadnagar,Rahata,soyabean,78,3515,3581,3542,3376.3333333333335,3119
2016-01-01,Maharashtra,Ahmadnagar,Rahata,soyabean,61,3528,3568,3536,3512.0,3201
2016-02-01,Maharashtra,Ahmadnagar,Rahata,soyabean,63,3533,3571,3540,3543.6666666666665,3117
2016-03-01,Maharashtra,Ahmadnagar,Rahata,soyabean,33,3554,3588,3567,3539.3333333333335,3124
2016-04-01,Maharashtra,Ahmadnagar,Rahata,soyabean,35,3879,3902,3882,3547.6666666666665,3391
2016-05-01,Maharashtra,Ahmadnagar,Rahata,soyabean,10,3856,3856,3856,3663.0,3530
2016-06-01,Maharashtra,Ahmadnagar,Rahata,soyabean,17,3707,3720,3707,3768.3333333333335,3338
2016-07-01,Maharashtra,Ahmadnagar,Rahata,soyabean,105,3561,3573,3561,3815.0,3185
2016-08-01,Maharashtra,Ahmadnagar,Rahata,soyabean,34,3422,3428,3422,3708.0,
2016-09-01,Maharashtra,Ahmadnagar,Rahata,soyabean,14,3125,3150,3125,3563.3333333333335,3135
2016-10-01,Maharashtra,Ahmadnagar,Rahata,soyabean,930,2619,2724,2674,3369.3333333333335,3441
2016-11-01,Maharashtra,Ahmadnagar,Rahata,soyabean,3318,2667,2775,2727,3073.6666666666665,3553
2014-12-01,Maharashtra,Ahmadnagar,Rahuri,soyabean,2,2700,2775,2740,,
2015-02-01,Maharashtra,Ahmadnagar,Rahuri,soyabean,5,2900,2900,2900,,
2014-09-01,Maharashtra,Ahmadnagar,Sangamner,soyabean,9,3500,3500,3500,,
2014-11-01,Maharashtra,Ahmadnagar,Sangamner,soyabean,63,3083,3246,3165,,
2014-12-01,Maharashtra,Ahmadnagar,Sangamner,soyabean,129,3129,3258,3193,,
2015-01-01,Maharashtra,Ahmadnagar,Sangamner,soyabean,38,3076,3095,3085,3286.0,
2015-02-01,Maharashtra,Ahmadnagar,Sangamner,soyabean,44,3660,3660,3660,3147.6666666666665,
2015-03-01,Maharashtra,Ahmadnagar,Sangamner,soyabean,10,3500,3500,3500,3312.6666666666665,
2015-04-01,Maharashtra,Ahmadnagar,Sangamner,soyabean,7,4100,4100,4100,3415.0,
2015-05-01,Maharashtra,Ahmadnagar,Sangamner,soyabean,40,4000,4033,4017,3753.3333333333335,
2015-06-01,Maharashtra,Ahmadnagar,Sangamner,soyabean,96,3830,3930,3872,3872.3333333333335,
2015-07-01,Maharashtra,Ahmadnagar,Sangamner,soyabean,27,3950,3950,3950,3996.3333333333335,
2015-08-01,Maharashtra,Ahmadnagar,Sangamner,soyabean,127,3000,3200,3100,3946.3333333333335,
2015-10-01,Maharashtra,Ahmadnagar,Sangamner,soyabean,177,3625,3700,3663,3640.6666666666665,
2015-11-01,Maharashtra,Ahmadnagar,Sangamner,soyabean,11,3600,3600,3600,3571.0,3165
2015-12-01,Maharashtra,Ahmadnagar,Sangamner,soyabean,80,3399,3501,3468,3454.3333333333335,3193
2016-01-01,Maharashtra,Ahmadnagar,Sangamner,soyabean,94,3400,3500,3459,3577.0,3085
2016-02-01,Maharashtra,Ahmadnagar,Sangamner,soyabean,136,3427,3626,3524,3509.0,3660
2016-03-01,Maharashtra,Ahmadnagar,Sangamner,soyabean,61,3528,3550,3543,3483.6666666666665,3500
2016-04-01,Maharashtra,Ahmadnagar,Sangamner,soyabean,305,3758,3930,3869,3508.6666666666665,4100
2016-05-01,Maharashtra,Ahmadnagar,Sangamner,soyabean,208,3578,3920,3795,3645.3333333333335,4017
2016-06-01,Maharashtra,Ahmadnagar,Sangamner,soyabean,73,3588,3850,3744,3735.6666666666665,3872
2016-07-01,Maharashtra,Ahmadnagar,Sangamner,soyabean,20,3500,3500,3500,3802.6666666666665,3950
2016-08-01,Maharashtra,Ahmadnagar,Sangamner,soyabean,8,3050,3436,3250,3679.6666666666665,3100
2016-09-01,Maharashtra,Ahmadnagar,Sangamner,soyabean,2,3000,3000,3000,3498.0,
2014-09-01,Maharashtra,Nasik,Satana,soyabean,18,3349,3349,3349,,
2014-10-01,Maharashtra,Nasik,Satana,soyabean,3,2400,3200,2750,,
2014-11-01,Maharashtra,Nasik,Satana,soyabean,3,7800,7825,7820,,
2015-06-01,Maharashtra,Nasik,Satana,soyabean,16,3227,3586,3480,4639.666666666667,
2015-07-01,Maharashtra,Nasik,Satana,soyabean,6,3290,3333,3314,4683.333333333333,
2014-09-01,Maharashtra,Ahmadnagar,Shrirampur,soyabean,5,3188,3188,3188,,
2014-10-01,Maharashtra,Ahmadnagar,Shrirampur,soyabean,406,2818,3046,2935,,
2014-11-01,Maharashtra,Ahmadnagar,Shrirampur,soyabean,678,2889,3260,3144,,
2014-12-01,Maharashtra,Ahmadnagar,Shrirampur,soyabean,266,3006,3154,3096,3089.0,
2015-01-01,Maharashtra,Ahmadnagar,Shrirampur,soyabean,331,2966,3189,3113,3058.3333333333335,
2015-02-01,Maharashtra,Ahmadnagar,Shrirampur,soyabean,133,3088,3159,3122,3117.6666666666665,
2015-03-01,Maharashtra,Ahmadnagar,Shrirampur,soyabean,124,3087,3152,3120,3110.3333333333335,
2015-04-01,Maharashtra,Ahmadnagar,Shrirampur,soyabean,57,3341,3473,3431,3118.3333333333335,
2015-05-01,Maharashtra,Ahmadnagar,Shrirampur,soyabean,42,3780,3780,3780,3224.3333333333335,
2015-06-01,Maharashtra,Ahmadnagar,Shrirampur,soyabean,38,3370,3425,3398,3443.6666666666665,
2015-08-01,Maharashtra,Ahmadnagar,Shrirampur,soyabean,5,3000,3100,3050,3536.3333333333335,
2015-09-01,Maharashtra,Ahmadnagar,Shrirampur,soyabean,46,2856,3094,2950,3409.3333333333335,3188
2015-10-01,Maharashtra,Ahmadnagar,Shrirampur,soyabean,412,3204,3587,3484,3132.6666666666665,2935
2015-11-01,Maharashtra,Ahmadnagar,Shrirampur,soyabean,157,3354,3580,3483,3161.3333333333335,3144
2015-12-01,Maharashtra,Ahmadnagar,Shrirampur,soyabean,62,3398,3535,3489,3305.6666666666665,3096
2016-01-01,Maharashtra,Ahmadnagar,Shrirampur,soyabean,84,3252,3544,3473,3485.3333333333335,3113
2016-02-01,Maharashtra,Ahmadnagar,Shrirampur,soyabean,34,3564,3567,3565,3481.6666666666665,3122
2016-03-01,Maharashtra,Ahmadnagar,Shrirampur,soyabean,7,3468,3628,3525,3509.0,3120
2016-04-01,Maharashtra,Ahmadnagar,Shrirampur,soyabean,6,3926,3926,3926,3521.0,3431
2016-05-01,Maharashtra,Ahmadnagar,Shrirampur,soyabean,10,3533,3700,3617,3672.0,3780
2016-06-01,Maharashtra,Ahmadnagar,Shrirampur,soyabean,3,3688,3688,3688,3689.3333333333335,3398
2016-08-01,Maharashtra,Ahmadnagar,Shrirampur,soyabean,9,2500,3251,3200,3743.6666666666665,3050
2016-10-01,Maharashtra,Ahmadnagar,Shrirampur,soyabean,147,2500,2600,2550,3501.6666666666665,3484
2016-11-01,Maharashtra,Ahmadnagar,Shrirampur,soyabean,3449,2552,2779,2694,3146.0,3483
2014-10-01,Maharashtra,Nasik,Yeola,soyabean,16,2857,3170,3145,,
2014-11-01,Maharashtra,Nasik,Yeola,soyabean,11,3138,3363,3314,,
2014-12-01,Maharashtra,Nasik,Yeola,soyabean,5,3126,3199,3181,,
2015-10-01,Maharashtra,Nasik,Yeola,soyabean,20,3798,3886,3838,3213.3333333333335,3145
2016-10-01,Maharashtra,Nasik,Yeola,soyabean,9,2775,2780,2775,3444.3333333333335,3838
2016-11-01,Maharashtra,Nasik,Yeola,soyabean,357,2777,2798,2783,3264.6666666666665,
2015-06-01,Maharashtra,Ahmadnagar,Ahmednagar,tomato,713,371,1486,929,,
2015-07-01,Maharashtra,Ahmadnagar,Ahmednagar,tomato,775,1122,1956,1539,,
2015-08-01,Maharashtra,Ahmadnagar,Ahmednagar,tomato,891,717,1267,992,,
2015-09-01,Maharashtra,Ahmadnagar,Ahmednagar,tomato,664,500,1000,750,1153.3333333333333,
2015-10-01,Maharashtra,Ahmadnagar,Ahmednagar,tomato,1114,550,1560,1055,1093.6666666666667,
2015-11-01,Maharashtra,Ahmadnagar,Ahmednagar,tomato,724,900,3190,2045,932.3333333333334,
2015-12-01,Maharashtra,Ahmadnagar,Ahmednagar,tomato,1167,550,2240,1395,1283.3333333333333,
2016-01-01,Maharashtra,Ahmadnagar,Ahmednagar,tomato,906,480,1960,1220,1498.3333333333333,
2016-02-01,Maharashtra,Ahmadnagar,Ahmednagar,tomato,479,300,1017,692,1553.3333333333333,
2016-04-01,Maharashtra,Ahmadnagar,Ahmednagar,tomato,334,350,875,700,1102.3333333333333,
2016-05-01,Maharashtra,Ahmadnagar,Ahmednagar,tomato,1043,521,2693,1618,870.6666666666666,
2016-06-01,Maharashtra,Ahmadnagar,Ahmednagar,tomato,965,995,5600,3275,1003.3333333333334,929
2016-07-01,Maharashtra,Ahmadnagar,Ahmednagar,tomato,1186,821,4029,2346,1864.3333333333333,1539
2016-08-01,Maharashtra,Ahmadnagar,Ahmednagar,tomato,1584,333,1343,838,2413.0,992
2016-09-01,Maharashtra,Ahmadnagar,Ahmednagar,tomato,2144,157,724,443,2153.0,750
2016-10-01,Maharashtra,Ahmadnagar,Ahmednagar,tomato,907,227,1127,632,1209.0,1055
2016-11-01,Maharashtra,Ahmadnagar,Ahmednagar,tomato,829,167,900,533,637.6666666666666,2045
2014-09-01,Maharashtra,Nasik,Lasalgaon,tomato,3470,255,2105,1705,,
2016-08-01,Maharashtra,Nasik,Lasalgaon,tomato,17218,225,1049,859,,
2016-09-01,Maharashtra,Nasik,Lasalgaon,tomato,80920,198,1035,829,,
2016-10-01,Maharashtra,Nasik,Lasalgaon,tomato,31461,182,1210,825,1131.0,
2016-11-01,Maharashtra,Nasik,Lasalgaon,tomato,420,100,685,485,837.6666666666666,
2016-07-01,Maharashtra,Nasik,Manmad,tomato,44,238,544,422,,
2016-08-01,Maharashtra,Nasik,Manmad,tomato,42,237,351,284,,
2014-09-01,Maharashtra,Nasik,Nashik,tomato,10901,969,2281,1588,,
2014-11-01,Maharashtra,Nasik,Nashik,tomato,45163,324,770,561,,
2014-12-01,Maharashtra,Nasik,Nashik,tomato,20811,682,1670,1228,,
2015-01-01,Maharashtra,Nasik,Nashik,tomato,1853,904,2739,1857,1125.6666666666667,
2015-02-01,Maharashtra,Nasik,Nashik,tomato,1657,1071,2607,1879,1215.3333333333333,
2015-03-01,Maharashtra,Nasik,Nashik,tomato,660,800,2000,1288,1654.6666666666667,
2015-04-01,Maharashtra,Nasik,Nashik,tomato,222,500,1500,1000,1674.6666666666667,
2015-06-01,Maharashtra,Nasik,Nashik,tomato,397,650,1400,1250,1389.0,
2015-11-01,Maharashtra,Nasik,Nashik,tomato,18871,1667,3158,2388,1179.3333333333333,561
2015-12-01,Maharashtra,Nasik,Nashik,tomato,29071,980,2232,1491,1546.0,1228
2016-01-01,Maharashtra,Nasik,Nashik,tomato,25178,833,1876,1263,1709.6666666666667,1857
2016-02-01,Maharashtra,Nasik,Nashik,tomato,15005,560,1129,843,1714.0,1879
2016-03-01,Maharashtra,Nasik,Nashik,tomato,14730,501,880,677,1199.0,1288
2016-04-01,Maharashtra,Nasik,Nashik,tomato,16676,481,937,709,927.6666666666666,1000
2016-05-01,Maharashtra,Nasik,Nashik,tomato,20039,1215,2512,1752,743.0,
2016-06-01,Maharashtra,Nasik,Nashik,tomato,10587,2746,5743,3794,1046.0,1250
2016-07-01,Maharashtra,Nasik,Nashik,tomato,8915,1798,3662,2635,2085.0,
2016-08-01,Maharashtra,Nasik,Nashik,tomato,26347,633,1358,984,2727.0,
2016-09-01,Maharashtra,Nasik,Nashik,tomato,49875,518,1121,812,2471.0,
2016-10-01,Maharashtra,Nasik,Nashik,tomato,67303,529,1157,815,1477.0,
2016-11-01,Maharashtra,Nasik,Nashik,tomato,62146,407,685,548,870.3333333333334,2388
2014-09-01,Maharashtra,Ahmadnagar,Rahata,tomato,252,1138,1923,1546,,
2014-10-01,Maharashtra,Ahmadnagar,Rahata,tomato,242,700,1433,1078,,
2014-11-01,Maharashtra,Ahmadnagar,Rahata,tomato,267,418,836,609,,
2014-12-01,Maharashtra,Ahmadnagar,Rahata,tomato,168,650,1442,1042,1077.6666666666667,
2015-01-01,Maharashtra,Ahmadnagar,Rahata,tomato,148,733,1775,1267,909.6666666666666,
2015-02-01,Maharashtra,Ahmadnagar,Rahata,tomato,240,675,1883,1325,972.6666666666666,
2015-03-01,Maharashtra,Ahmadnagar,Rahata,tomato,304,664,1307,1000,1211.3333333333333,
2015-04-01,Maharashtra,Ahmadnagar,Rahata,tomato,281,492,1223,869,1197.3333333333333,
2015-05-01,Maharashtra,Ahmadnagar,Rahata,tomato,154,575,1150,913,1064.6666666666667,
2015-06-01,Maharashtra,Ahmadnagar,Rahata,tomato,193,713,1438,1113,927.3333333333334,
2015-07-01,Maharashtra,Ahmadnagar,Rahata,tomato,257,710,2030,1450,965.0,
2015-08-01,Maharashtra,Ahmadnagar,Rahata,tomato,349,436,973,691,1158.6666666666667,
2015-09-01,Maharashtra,Ahmadnagar,Rahata,tomato,286,485,1077,769,1084.6666666666667,1546
2015-10-01,Maharashtra,Ahmadnagar,Rahata,tomato,158,806,1506,1178,970.0,1078
2015-11-01,Maharashtra,Ahmadnagar,Rahata,tomato,142,1170,2400,1740,879.3333333333334,609
2015-12-01,Maharashtra,Ahmadnagar,Rahata,tomato,315,850,2071,1507,1229.0,1042
2016-01-01,Maharashtra,Ahmadnagar,Rahata,tomato,339,709,1650,1282,1475.0,1267
2016-02-01,Maharashtra,Ahmadnagar,Rahata,tomato,422,650,1133,900,1509.6666666666667,1325
2016-03-01,Maharashtra,Ahmadnagar,Rahata,tomato,575,343,836,586,1229.6666666666667,1000
2016-04-01,Maharashtra,Ahmadnagar,Rahata,tomato,287,425,788,558,922.6666666666666,869
2016-05-01,Maharashtra,Ahmadnagar,Rahata,tomato,215,1057,2175,1586,681.3333333333334,913
2016-06-01,Maharashtra,Ahmadnagar,Rahata,tomato,197,2085,4512,3308,910.0,1113
2016-07-01,Maharashtra,Ahmadnagar,Rahata,tomato,282,1073,3223,2131,1817.3333333333333,1450
2016-08-01,Maharashtra,Ahmadnagar,Rahata,tomato,322,531,1177,900,2341.6666666666665,691
2016-09-01,Maharashtra,Ahmadnagar,Rahata,tomato,319,455,800,620,2113.0,769
2016-10-01,Maharashtra,Ahmadnagar,Rahata,tomato,8,500,1000,800,1217.0,1178
2016-11-01,Maharashtra,Ahmadnagar,Rahata,tomato,248,445,750,573,773.3333333333334,1740
2015-11-01,Maharashtra,Ahmadnagar,Rahuri,tomato,50,300,2500,1350,,
2015-12-01,Maharashtra,Ahmadnagar,Rahuri,tomato,305,342,1633,951,,
2016-05-01,Maharashtra,Ahmadnagar,Rahuri,tomato,1418,277,1923,1100,,
2016-06-01,Maharashtra,Ahmadnagar,Rahuri,tomato,187,1440,4200,2820,1133.6666666666667,
2016-07-01,Maharashtra,Ahmadnagar,Rahuri,tomato,102,467,2667,1567,1623.6666666666667,
2016-08-01,Maharashtra,Ahmadnagar,Rahuri,tomato,674,255,1682,982,1829.0,
2016-09-01,Maharashtra,Ahmadnagar,Rahuri,tomato,344,180,1140,660,1789.6666666666667,
2016-11-01,Maharashtra,Ahmadnagar,Rahuri,tomato,1216,137,879,508,1069.6666666666667,1350
2014-09-01,Maharashtra,Ahmadnagar,Sangamner,tomato,49211,2038,4423,3233,,
2014-10-01,Maharashtra,Ahmadnagar,Sangamner,tomato,27960,1591,2836,2180,,
2014-11-01,Maharashtra,Ahmadnagar,Sangamner,tomato,31610,269,688,477,,
2014-12-01,Maharashtra,Ahmadnagar,Sangamner,tomato,27882,505,986,748,1963.3333333333333,
2015-01-01,Maharashtra,Ahmadnagar,Sangamner,tomato,316,500,1017,758,1135.0,
2015-03-01,Maharashtra,Ahmadnagar,Sangamner,tomato,1410,650,1300,975,661.0,
2015-04-01,Maharashtra,Ahmadnagar,Sangamner,tomato,51671,1325,2070,1711,827.0,
2015-05-01,Maharashtra,Ahmadnagar,Sangamner,tomato,254900,355,1288,807,1148.0,
2015-06-01,Maharashtra,Ahmadnagar,Sangamner,tomato,374700,275,1413,845,1164.3333333333333,
2015-07-01,Maharashtra,Ahmadnagar,Sangamner,tomato,238800,492,1782,1143,1121.0,
2015-08-01,Maharashtra,Ahmadnagar,Sangamner,tomato,276100,345,1128,737,931.6666666666666,
2015-09-01,Maharashtra,Ahmadnagar,Sangamner,tomato,220300,382,965,673,908.3333333333334,3233
2015-10-01,Maharashtra,Ahmadnagar,Sangamner,tomato,128200,381,1267,934,851.0,2180
2015-11-01,Maharashtra,Ahmadnagar,Sangamner,tomato,61910,682,1786,1432,781.3333333333334,477
2015-12-01,Maharashtra,Ahmadnagar,Sangamner,tomato,15517,418,1110,853,1013.0,748
2016-04-01,Maharashtra,Ahmadnagar,Sangamner,tomato,158630,531,1195,969,1073.0,1711
2016-05-01,Maharashtra,Ahmadnagar,Sangamner,tomato,407800,658,2095,1636,1084.6666666666667,807
2016-06-01,Maharashtra,Ahmadnagar,Sangamner,tomato,208575,1238,4260,3357,1152.6666666666667,845
2016-07-01,Maharashtra,Ahmadnagar,Sangamner,tomato,22709,805,2025,1530,1987.3333333333333,1143
2016-08-01,Maharashtra,Ahmadnagar,Sangamner,tomato,54191,559,1098,886,2174.3333333333335,737
2016-09-01,Maharashtra,Ahmadnagar,Sangamner,tomato,163400,348,892,698,1924.3333333333333,673
2016-10-01,Maharashtra,Ahmadnagar,Sangamner,tomato,84350,387,924,721,1038.0,934
2016-11-01,Maharashtra,Ahmadnagar,Sangamner,tomato,15490,261,568,451,768.3333333333334,1432
2014-09-01,Maharashtra,Ahmadnagar,Shrirampur,tomato,790,1929,2690,2312,,
2014-10-01,Maharashtra,Ahmadnagar,Shrirampur,tomato,820,1386,1977,1682,,
2014-11-01,Maharashtra,Ahmadnagar,Shrirampur,tomato,895,996,1371,1183,,
2014-12-01,Maharashtra,Ahmadnagar,Shrirampur,tomato,808,1505,2018,1761,1725.6666666666667,
2015-01-01,Maharashtra,Ahmadnagar,Shrirampur,tomato,963,1538,2269,1906,1542.0,
2015-02-01,Maharashtra,Ahmadnagar,Shrirampur,tomato,825,1477,2341,1911,1616.6666666666667,
2015-03-01,Maharashtra,Ahmadnagar,Shrirampur,tomato,900,1479,2063,1771,1859.3333333333333,
2015-04-01,Maharashtra,Ahmadnagar,Shrirampur,tomato,900,1471,1958,1715,1862.6666666666667,
2015-05-01,Maharashtra,Ahmadnagar,Shrirampur,tomato,900,1179,1646,1413,1799.0,
2015-06-01,Maharashtra,Ahmadnagar,Shrirampur,tomato,950,1148,1609,1378,1633.0,
2015-07-01,Maharashtra,Ahmadnagar,Shrirampur,tomato,710,1316,1921,1624,1502.0,
2015-08-01,Maharashtra,Ahmadnagar,Shrirampur,tomato,770,1086,1524,1307,1471.6666666666667,
2015-09-01,Maharashtra,Ahmadnagar,Shrirampur,tomato,766,1071,1471,1271,1436.3333333333333,2312
2015-10-01,Maharashtra,Ahmadnagar,Shrirampur,tomato,970,1288,1846,1567,1400.6666666666667,1682
2015-11-01,Maharashtra,Ahmadnagar,Shrirampur,tomato,736,2025,3000,2560,1381.6666666666667,1183
2015-12-01,Maharashtra,Ahmadnagar,Shrirampur,tomato,560,1733,2600,2187,1799.3333333333333,1761
2016-01-01,Maharashtra,Ahmadnagar,Shrirampur,tomato,705,1605,2368,2000,2104.6666666666665,1906
2016-02-01,Maharashtra,Ahmadnagar,Shrirampur,tomato,490,1331,1808,1569,2249.0,1911
2016-03-01,Maharashtra,Ahmadnagar,Shrirampur,tomato,931,869,1238,1048,1918.6666666666667,1771
2016-04-01,Maharashtra,Ahmadnagar,Shrirampur,tomato,843,787,1039,913,1539.0,1715
2016-05-01,Maharashtra,Ahmadnagar,Shrirampur,tomato,820,1674,2370,2039,1176.6666666666667,1413
2016-06-01,Maharashtra,Ahmadnagar,Shrirampur,tomato,736,3320,4080,3706,1333.3333333333333,1378
2016-07-01,Maharashtra,Ahmadnagar,Shrirampur,tomato,442,2972,3583,3278,2219.3333333333335,1624
2016-08-01,Maharashtra,Ahmadnagar,Shrirampur,tomato,442,1033,1433,1229,3007.6666666666665,1307
2016-09-01,Maharashtra,Ahmadnagar,Shrirampur,tomato,524,800,1065,933,2737.6666666666665,1271
2016-10-01,Maharashtra,Ahmadnagar,Shrirampur,tomato,470,868,1218,1043,1813.3333333333333,1567
2016-11-01,Maharashtra,Ahmadnagar,Shrirampur,tomato,454,886,1181,1033,1068.3333333333333,2560
