forecast_month,crop,mandi,model,predicted_modal_price_rs_per_quintal
2016-12-01,onion,Ahmednagar,moving_average_3m,844.33
2016-12-01,onion,Ahmednagar,seasonal_naive,1390.0
2016-12-01,onion,Kopargaon,moving_average_3m,667.67
2016-12-01,onion,Kopargaon,seasonal_naive,1388.0
2016-12-01,onion,Lasalgaon,moving_average_3m,645.0
2016-12-01,onion,Lasalgaon,seasonal_naive,1275.0
2016-12-01,onion,Malegaon,moving_average_3m,641.67
2016-12-01,onion,Malegaon,seasonal_naive,1096.0
2016-12-01,onion,Manmad,moving_average_3m,557.0
2016-12-01,onion,Manmad,seasonal_naive,1188.0
2016-11-01,onion,Nandgaon,moving_average_3m,499.0
2016-11-01,onion,Nandgaon,seasonal_naive,1684.0
2016-12-01,onion,Nashik,moving_average_3m,476.0
2016-12-01,onion,Nashik,seasonal_naive,1150.0
2016-12-01,onion,Rahata,moving_average_3m,594.33
2016-12-01,onion,Rahata,seasonal_naive,1342.0
2016-12-01,onion,Rahuri,moving_average_3m,692.33
2016-12-01,onion,Rahuri,seasonal_naive,1123.0
2016-12-01,onion,Sangamner,moving_average_3m,802.67
2016-12-01,onion,Sangamner,seasonal_naive,1561.0
2016-12-01,onion,Satana,moving_average_3m,643.33
2016-12-01,onion,Satana,seasonal_naive,1145.0
2016-12-01,onion,Shrirampur,moving_average_3m,684.33
2016-12-01,onion,Shrirampur,seasonal_naive,1344.0
2016-12-01,onion,Yeola,moving_average_3m,473.0
2016-12-01,onion,Yeola,seasonal_naive,1148.0
2016-12-01,soyabean,Ahmednagar,moving_average_3m,2922.67
2016-12-01,soyabean,Ahmednagar,seasonal_naive,3125.0
2016-12-01,soyabean,Kopargaon,moving_average_3m,2848.33
2016-12-01,soyabean,Kopargaon,seasonal_naive,3594.0
2016-12-01,soyabean,Lasalgaon,moving_average_3m,3008.33
2016-12-01,soyabean,Lasalgaon,seasonal_naive,3674.0
2016-12-01,soyabean,Lasalgaon-Vinchur,moving_average_3m,2919.67
2016-12-01,soyabean,Lasalgaon-Vinchur,seasonal_naive,3628.0
2016-12-01,soyabean,Malegaon,moving_average_3m,3282.0
2016-12-01,soyabean,Malegaon,seasonal_naive,3654.0
2016-04-01,soyabean,Nandgaon,moving_average_3m,3599.33
2016-12-01,soyabean,Rahata,moving_average_3m,2842.0
2016-12-01,soyabean,Rahata,seasonal_naive,3542.0
2015-03-01,soyabean,Rahuri,moving_average_3m,2820.0
2016-10-01,soyabean,Sangamner,moving_average_3m,3250.0
2016-10-01,soyabean,Sangamner,seasonal_naive,3663.0
2015-08-01,soyabean,Satana,moving_average_3m,4871.33
2016-12-01,soyabean,Shrirampur,moving_average_3m,2814.67
2016-12-01,soyabean,Shrirampur,seasonal_naive,3489.0
2016-12-01,soyabean,Yeola,moving_average_3m,3132.0
2016-12-01,tomato,Ahmednagar,moving_average_3m,536.0
2016-12-01,tomato,Ahmednagar,seasonal_naive,1395.0
2016-12-01,tomato,Lasalgaon,moving_average_3m,713.0
2016-09-01,tomato,Manmad,moving_average_3m,353.0
2016-12-01,tomato,Nashik,moving_average_3m,725.0
2016-12-01,tomato,Nashik,seasonal_naive,1491.0
2016-12-01,tomato,Rahata,moving_average_3m,664.33
2016-12-01,tomato,Rahata,seasonal_naive,1507.0
2016-12-01,tomato,Rahuri,moving_average_3m,716.67
2016-12-01,tomato,Rahuri,seasonal_naive,951.0
2016-12-01,tomato,Sangamner,moving_average_3m,623.33
2016-12-01,tomato,Sangamner,seasonal_naive,853.0
2016-12-01,tomato,Shrirampur,moving_average_3m,1003.0
2016-12-01,tomato,Shrirampur,seasonal_naive,2187.0
