mandi,crop,monthly_records,first_month,last_month
Kopargaon,onion,27,2014-09-01,2016-11-01
Lasalgaon,onion,27,2014-09-01,2016-11-01
Malegaon,onion,27,2014-09-01,2016-11-01
Manmad,onion,27,2014-09-01,2016-11-01
Rahata,onion,27,2014-09-01,2016-11-01
Sangamner,onion,27,2014-09-01,2016-11-01
Shrirampur,onion,27,2014-09-01,2016-11-01
Yeola,onion,27,2014-09-01,2016-11-01
Satana,onion,24,2014-09-01,2016-11-01
Rahuri,onion,23,2014-09-01,2016-11-01
Ahmednagar,onion,21,2014-10-01,2016-11-01
Nashik,onion,20,2014-09-01,2016-11-01
Nandgaon,onion,17,2014-09-01,2016-10-01
Kopargaon,soyabean,27,2014-09-01,2016-11-01
Lasalgaon,soyabean,27,2014-09-01,2016-11-01
Rahata,soyabean,26,2014-09-01,2016-11-01
Shrirampur,soyabean,24,2014-09-01,2016-11-01
Sangamner,soyabean,23,2014-09-01,2016-09-01
Lasalgaon-Vinchur,soyabean,20,2015-04-01,2016-11-01
Malegaon,soyabean,16,2014-09-01,2016-11-01
Ahmednagar,soyabean,13,2014-11-01,2016-11-01
Nandgaon,soyabean,8,2014-10-01,2016-03-01
Yeola,soyabean,6,2014-10-01,2016-11-01
Satana,soyabean,5,2014-09-01,2015-07-01
Rahuri,soyabean,2,2014-12-01,2015-02-01
Rahata,tomato,27,2014-09-01,2016-11-01
Shrirampur,tomato,27,2014-09-01,2016-11-01
Sangamner,tomato,23,2014-09-01,2016-11-01
Nashik,tomato,21,2014-09-01,2016-11-01
Ahmednagar,tomato,17,2015-06-01,2016-11-01
Rahuri,tomato,8,2015-11-01,2016-11-01
Lasalgaon,tomato,5,2014-09-01,2016-11-01
Manmad,tomato,2,2016-07-01,2016-08-01
